cap_scale,price_sigma,seed,w_app,w_op,w_sys,napp,nop,nsys,n_chains
0.5,0.1,0,0.0,0.0,1.0,0.6466462837837553,0.017062112541736344,0.42991341370521147,9
0.5,0.1,0,0.0,0.2,0.8,0.4604379610233419,0.01794832495118524,0.39776955082080206,8
0.5,0.1,0,0.0,0.4,0.6,0.4604379610233419,0.01794832495118524,0.39776955082080206,8
0.5,0.1,0,0.0,0.6,0.4,0.5814461726761142,0.01596866305269993,0.40206607029746516,8
0.5,0.1,0,0.0,0.8,0.2,0.4604379610233419,0.01794832495118524,0.39776955082080206,8
0.5,0.1,0,0.0,1.0,0.0,0.4604379610233419,0.01794832495118524,0.39776955082080206,8
0.5,0.1,0,0.2,0.0,0.8,0.5439232635116554,0.01666048264726047,0.4211143148245655,10
0.5,0.1,0,0.2,0.2,0.6,0.6060751416220239,0.01631845765996948,0.4097017893113797,8
0.5,0.1,0,0.2,0.4,0.4,0.6951367331939825,0.018440469745712982,0.42470997090818186,9
0.5,0.1,0,0.2,0.6,0.2,0.6831924157917187,0.01690638420987194,0.398563123431529,8
0.5,0.1,0,0.2,0.8,0.0,0.7105281871772077,0.017965400048398757,0.395831562289849,8
0.5,0.1,0,0.4,0.0,0.6,0.591359048482701,0.01350448765409849,0.3642151362439014,9
0.5,0.1,0,0.4,0.2,0.4,0.6320057381362362,0.019136067976824604,0.43769302674997074,9
0.5,0.1,0,0.4,0.4,0.2,0.6472028173999793,0.012684718189634037,0.3010947213546939,8
0.5,0.1,0,0.4,0.6,0.0,0.721892987293851,0.013163721535151959,0.3370274014379065,8
0.5,0.1,0,0.6,0.0,0.4,0.6836895623829936,0.01563906221383109,0.37833596567769723,10
0.5,0.1,0,0.6,0.2,0.2,0.7266038902142281,0.015150042959675375,0.3563613398250622,7
0.5,0.1,0,0.6,0.4,0.0,0.7400762504929174,0.015330009448175386,0.3489415747010083,10
0.5,0.1,0,0.8,0.0,0.2,0.7067274922351416,0.014906511647048482,0.3426647419753155,10
0.5,0.1,0,0.8,0.2,0.0,0.7400762504929174,0.015330009448175386,0.3489415747010083,10
0.5,0.1,0,1.0,0.0,0.0,0.7248399236536832,0.010473893391397147,0.2508770389743511,10
0.5,0.1,1,0.0,0.0,1.0,0.3043839647959936,0.015825821219209047,0.2699693256535283,10
0.5,0.1,1,0.0,0.2,0.8,0.2643021152923391,0.009754705282538176,0.2219065504813576,8
0.5,0.1,1,0.0,0.4,0.6,0.2643021152923391,0.009754705282538176,0.2219065504813576,8
0.5,0.1,1,0.0,0.6,0.4,0.2643021152923391,0.009754705282538176,0.2219065504813576,8
0.5,0.1,1,0.0,0.8,0.2,0.2643021152923391,0.009754705282538176,0.2219065504813576,8
0.5,0.1,1,0.0,1.0,0.0,0.299281250622047,0.011336593361239006,0.2037248039171023,7
0.5,0.1,1,0.2,0.0,0.8,0.3949182294044947,0.016166222292090544,0.30403761379484856,9
0.5,0.1,1,0.2,0.2,0.6,0.47597981629987024,0.014834626182789745,0.2892646094522247,10
0.5,0.1,1,0.2,0.4,0.4,0.4582426789705869,0.015370089009857885,0.28723165441542403,10
0.5,0.1,1,0.2,0.6,0.2,0.5146376167083502,0.011344935473672386,0.2315422364787783,8
0.5,0.1,1,0.2,0.8,0.0,0.48064650978281437,0.010814487385743069,0.21854079458862996,8
0.5,0.1,1,0.4,0.0,0.6,0.4812358605400792,0.015948831906073723,0.29024543306298967,10
0.5,0.1,1,0.4,0.2,0.4,0.5044527278167963,0.013599226363030941,0.26687367559057695,9
0.5,0.1,1,0.4,0.4,0.2,0.5225749419667346,0.015866046387645313,0.2909372997281873,9
0.5,0.1,1,0.4,0.6,0.0,0.49314508201520696,0.01234347371384071,0.23777299197465152,9
0.5,0.1,1,0.6,0.0,0.4,0.47148202192778577,0.015429526785911965,0.2825003848184728,9
0.5,0.1,1,0.6,0.2,0.2,0.540840987606822,0.01477141857197057,0.2727928582896477,10
0.5,0.1,1,0.6,0.4,0.0,0.45338073287159164,0.01119496323069892,0.19469159011901682,9
0.5,0.1,1,0.8,0.0,0.2,0.5206990527796777,0.01541331339486139,0.284312865805171,10
0.5,0.1,1,0.8,0.2,0.0,0.45338073287159164,0.01119496323069892,0.19469159011901682,9
0.5,0.1,1,1.0,0.0,0.0,0.5114945123796454,0.008562675716389195,0.1645254985883549,10
0.5,0.1,2,0.0,0.0,1.0,0.2599232482280194,0.010253043045335785,0.1881089201294432,9
0.5,0.1,2,0.0,0.2,0.8,0.34559676908170256,0.015455648528792854,0.2509004748224345,10
0.5,0.1,2,0.0,0.4,0.6,0.25392549600811865,0.008771108461573559,0.18053361586787262,9
0.5,0.1,2,0.0,0.6,0.4,0.25392549600811865,0.008771108461573559,0.18053361586787262,9
0.5,0.1,2,0.0,0.8,0.2,0.25392549600811865,0.008771108461573559,0.18053361586787262,9
0.5,0.1,2,0.0,1.0,0.0,0.2551349124123876,0.012235391332224442,0.20707894597700455,9
0.5,0.1,2,0.2,0.0,0.8,0.40135073934818144,0.011725172627379824,0.2101511483984279,9
0.5,0.1,2,0.2,0.2,0.6,0.4339384724574901,0.012367058706548036,0.21642665088689952,8
0.5,0.1,2,0.2,0.4,0.4,0.3938109336508417,0.008910918900366011,0.16263448897548113,10
0.5,0.1,2,0.2,0.6,0.2,0.360712150342768,0.011612124036585751,0.20363741417336392,9
0.5,0.1,2,0.2,0.8,0.0,0.45009389958763196,0.011463498856781312,0.20773217813491143,10
0.5,0.1,2,0.4,0.0,0.6,0.377554713130093,0.009318331741237558,0.17587549065260535,10
0.5,0.1,2,0.4,0.2,0.4,0.41557920643840013,0.006558996501467271,0.13478567457209395,10
0.5,0.1,2,0.4,0.4,0.2,0.4162778767624638,0.007233038272073287,0.15251041389393197,9
0.5,0.1,2,0.4,0.6,0.0,0.4552832278663576,0.010125290849487304,0.1809766381967639,10
0.5,0.1,2,0.6,0.0,0.4,0.42363935743562114,0.007484241153160751,0.13950274686875286,10
0.5,0.1,2,0.6,0.2,0.2,0.4328665069823194,0.010759836074954633,0.16924529227953955,10
0.5,0.1,2,0.6,0.4,0.0,0.394248573124547,0.004903557454208588,0.11226916531351974,10
0.5,0.1,2,0.8,0.0,0.2,0.4416653276774518,0.008473008457779364,0.1568327171574874,7
0.5,0.1,2,0.8,0.2,0.0,0.394248573124547,0.004903557454208588,0.11226916531351974,10
0.5,0.1,2,1.0,0.0,0.0,0.4548620904781589,0.007729607382787533,0.1335575557675011,9
0.5,0.1,3,0.0,0.0,1.0,0.19927686911534603,0.0016335840354836193,0.07007359122200565,7
0.5,0.1,3,0.0,0.2,0.8,0.13214994948902897,0.0019082870253650163,0.06783140143970287,8
0.5,0.1,3,0.0,0.4,0.6,0.13214994948902897,0.0019082870253650163,0.06783140143970287,8
0.5,0.1,3,0.0,0.6,0.4,0.13214994948902897,0.0019082870253650163,0.06783140143970287,8
0.5,0.1,3,0.0,0.8,0.2,0.13214994948902897,0.0019082870253650163,0.06783140143970287,8
0.5,0.1,3,0.0,1.0,0.0,0.12046768980565069,0.0052283019927299446,0.06336514929687855,8
0.5,0.1,3,0.2,0.0,0.8,0.4743081282175091,0.0016047881866249883,0.04770885082720956,10
0.5,0.1,3,0.2,0.2,0.6,0.44677458728429226,0.0011178191905591814,0.033772527281112026,8
0.5,0.1,3,0.2,0.4,0.4,0.5535320450436662,0.0012390398133840103,0.03604406994070815,9
0.5,0.1,3,0.2,0.6,0.2,0.5282667100171171,0.0011156308169486158,0.03566692202588018,10
0.5,0.1,3,0.2,0.8,0.0,0.4789205361285256,0.0010915127595368859,0.030832187151806505,9
0.5,0.1,3,0.4,0.0,0.6,0.43633030296505454,0.0008680276432942404,0.02638898442396222,8
0.5,0.1,3,0.4,0.2,0.4,0.5282667100171171,0.0011156308169486158,0.03566692202588018,10
0.5,0.1,3,0.4,0.4,0.2,0.43491201344133695,0.0011868618777888455,0.03636093369135937,10
0.5,0.1,3,0.4,0.6,0.0,0.4789205361285256,0.0010915127595368859,0.030832187151806505,9
0.5,0.1,3,0.6,0.0,0.4,0.47057120127631685,0.0008282054685728154,0.027759495196394188,7
0.5,0.1,3,0.6,0.2,0.2,0.43491201344133695,0.0011868618777888455,0.03636093369135937,10
0.5,0.1,3,0.6,0.4,0.0,0.4789205361285256,0.0010915127595368859,0.030832187151806505,9
0.5,0.1,3,0.8,0.0,0.2,0.47057120127631685,0.0008282054685728154,0.027759495196394188,7
0.5,0.1,3,0.8,0.2,0.0,0.4789205361285256,0.0010915127595368859,0.030832187151806505,9
0.5,0.1,3,1.0,0.0,0.0,0.45434118958399977,0.0006410602551665774,0.02275593421469722,6
0.5,0.1,4,0.0,0.0,1.0,0.17889551271516468,0.013500733436466636,0.21537152842482712,9
0.5,0.1,4,0.0,0.2,0.8,0.29372060315430665,0.013729434335452215,0.23912046404763107,8
0.5,0.1,4,0.0,0.4,0.6,0.29372060315430665,0.013729434335452215,0.23912046404763107,8
0.5,0.1,4,0.0,0.6,0.4,0.29372060315430665,0.013729434335452215,0.23912046404763107,8
0.5,0.1,4,0.0,0.8,0.2,0.29372060315430665,0.013729434335452215,0.23912046404763107,8
0.5,0.1,4,0.0,1.0,0.0,0.28900266219885085,0.013822329249394813,0.22280442058539923,8
0.5,0.1,4,0.2,0.0,0.8,0.41057483783474163,0.012634890029719275,0.19432328537926472,8
0.5,0.1,4,0.2,0.2,0.6,0.5202791412821713,0.011154272083373174,0.19180471944751615,9
0.5,0.1,4,0.2,0.4,0.4,0.49736729925856404,0.012009290964166803,0.20649273213905828,10
0.5,0.1,4,0.2,0.6,0.2,0.6924878163594481,0.01102886426413451,0.18679499065639815,10
0.5,0.1,4,0.2,0.8,0.0,0.6018280958714612,0.007031242494720566,0.11637708421005395,8
0.5,0.1,4,0.4,0.0,0.6,0.5502185773454454,0.007913201084891061,0.13524747846185706,10
0.5,0.1,4,0.4,0.2,0.4,0.7000050758767944,0.01262200941576261,0.1997228939985747,10
0.5,0.1,4,0.4,0.4,0.2,0.6924878163594481,0.01102886426413451,0.18679499065639815,10
0.5,0.1,4,0.4,0.6,0.0,0.6086369503514693,0.004951066098628052,0.08461041262476625,7
0.5,0.1,4,0.6,0.0,0.4,0.5725258757591914,0.006561862627642827,0.11641594124310906,7
0.5,0.1,4,0.6,0.2,0.2,0.6924878163594481,0.01102886426413451,0.18679499065639815,10
0.5,0.1,4,0.6,0.4,0.0,0.6086369503514693,0.004951066098628052,0.08461041262476625,7
0.5,0.1,4,0.8,0.0,0.2,0.4477726818122474,0.009553155433183887,0.144647109052015,8
0.5,0.1,4,0.8,0.2,0.0,0.6086369503514693,0.004951066098628052,0.08461041262476625,7
0.5,0.1,4,1.0,0.0,0.0,0.47395412686945604,0.003377695241213031,0.05687438214860269,9
0.5,0.1,5,0.0,0.0,1.0,0.2679948421905591,0.009243917833857234,0.22902535500737126,9
0.5,0.1,5,0.0,0.2,0.8,0.5413456969409467,0.012285502693393102,0.2419308822270274,10
0.5,0.1,5,0.0,0.4,0.6,0.5413456969409467,0.012285502693393102,0.2419308822270274,10
0.5,0.1,5,0.0,0.6,0.4,0.5413456969409467,0.012285502693393102,0.2419308822270274,10
0.5,0.1,5,0.0,0.8,0.2,0.5413456969409467,0.012285502693393102,0.2419308822270274,10
0.5,0.1,5,0.0,1.0,0.0,0.4388645049050096,0.01256419656192554,0.2543731713111334,9
0.5,0.1,5,0.2,0.0,0.8,0.4257430393014444,0.008282534835212215,0.21468863717638448,9
0.5,0.1,5,0.2,0.2,0.6,0.6975949381938695,0.00887244479462206,0.17677880612433566,8
0.5,0.1,5,0.2,0.4,0.4,0.5919080147537851,0.00942039210405254,0.18944889454013228,8
0.5,0.1,5,0.2,0.6,0.2,0.6098480965054619,0.00934086069507391,0.18682411932369972,9
0.5,0.1,5,0.2,0.8,0.0,0.5917933082696566,0.007510879364591953,0.15295948988856087,9
0.5,0.1,5,0.4,0.0,0.6,0.7327906912568583,0.009810299659653505,0.20731257904454256,9
0.5,0.1,5,0.4,0.2,0.4,0.6098480965054619,0.00934086069507391,0.18682411932369972,9
0.5,0.1,5,0.4,0.4,0.2,0.655732116431942,0.007872924587745616,0.15972313838435273,9
0.5,0.1,5,0.4,0.6,0.0,0.5917933082696566,0.007510879364591953,0.15295948988856087,9
0.5,0.1,5,0.6,0.0,0.4,0.6919622978359268,0.00916322244215778,0.19080680408222334,9
0.5,0.1,5,0.6,0.2,0.2,0.6170254415889251,0.006506963622572449,0.1425352727014777,9
0.5,0.1,5,0.6,0.4,0.0,0.6040023577039764,0.005851427328335424,0.13341050747585995,9
0.5,0.1,5,0.8,0.0,0.2,0.6278568556288512,0.008534089904857328,0.17958762963986144,8
0.5,0.1,5,0.8,0.2,0.0,0.6040023577039764,0.005851427328335424,0.13341050747585995,9
0.5,0.1,5,1.0,0.0,0.0,0.6278568556288512,0.0067646837601197775,0.13927686905055875,8
0.5,0.1,6,0.0,0.0,1.0,0.1828632227540948,0.01125536191803428,0.21158705469475858,10
0.5,0.1,6,0.0,0.2,0.8,0.1860616314121047,0.011718286356597458,0.20918446982565272,8
0.5,0.1,6,0.0,0.4,0.6,0.1860616314121047,0.011718286356597458,0.20918446982565272,8
0.5,0.1,6,0.0,0.6,0.4,0.1860616314121047,0.011718286356597458,0.20918446982565272,8
0.5,0.1,6,0.0,0.8,0.2,0.1860616314121047,0.011718286356597458,0.20918446982565272,8
0.5,0.1,6,0.0,1.0,0.0,0.22541116652419702,0.010025219211580647,0.1744135659941951,8
0.5,0.1,6,0.2,0.0,0.8,0.33560153114150987,0.012753578161034186,0.24433214579974402,10
0.5,0.1,6,0.2,0.2,0.6,0.3405265078597751,0.010642695245489808,0.1975260846657208,10
0.5,0.1,6,0.2,0.4,0.4,0.31513897850537587,0.013643269137298781,0.23862474759427885,10
0.5,0.1,6,0.2,0.6,0.2,0.3852594721481841,0.009231139103230564,0.16009433509685247,9
0.5,0.1,6,0.2,0.8,0.0,0.37763960749050735,0.008448059200641548,0.1508863990709254,9
0.5,0.1,6,0.4,0.0,0.6,0.30986580095305344,0.008958723729318165,0.16582534566838636,9
0.5,0.1,6,0.4,0.2,0.4,0.3852594721481841,0.009231139103230564,0.16009433509685247,9
0.5,0.1,6,0.4,0.4,0.2,0.35944910077552195,0.007051818047446217,0.14408439184213262,9
0.5,0.1,6,0.4,0.6,0.0,0.32714341008748565,0.008605932168785059,0.1555652222432557,9
0.5,0.1,6,0.6,0.0,0.4,0.3513724752480575,0.01129314420023442,0.2166873334539084,9
0.5,0.1,6,0.6,0.2,0.2,0.37661997095247113,0.011634860849754576,0.21482329097803443,10
0.5,0.1,6,0.6,0.4,0.0,0.32714341008748565,0.008605932168785059,0.1555652222432557,9
0.5,0.1,6,0.8,0.0,0.2,0.45631780498575464,0.011723807942802048,0.20807637732650222,10
0.5,0.1,6,0.8,0.2,0.0,0.32714341008748565,0.008605932168785059,0.1555652222432557,9
0.5,0.1,6,1.0,0.0,0.0,0.41240850603083373,0.005194023824427411,0.09113628734543491,10
0.5,0.1,7,0.0,0.0,1.0,0.30708163683801526,0.017052318199460396,0.32938400842850174,8
0.5,0.1,7,0.0,0.2,0.8,0.2932450299606327,0.016722008496806814,0.33433135772223715,10
0.5,0.1,7,0.0,0.4,0.6,0.2932450299606327,0.016722008496806814,0.33433135772223715,10
0.5,0.1,7,0.0,0.6,0.4,0.2932450299606327,0.016722008496806814,0.33433135772223715,10
0.5,0.1,7,0.0,0.8,0.2,0.185938486018633,0.013944542212604563,0.25461854069502143,6
0.5,0.1,7,0.0,1.0,0.0,0.2280056488156754,0.014908996097042843,0.26524779152165434,8
0.5,0.1,7,0.2,0.0,0.8,0.43529243967554704,0.015692751607333938,0.31212075236956843,8
0.5,0.1,7,0.2,0.2,0.6,0.3734006814283925,0.01560693818823683,0.31533234264134946,9
0.5,0.1,7,0.2,0.4,0.4,0.3734006814283925,0.01560693818823683,0.31533234264134946,9
0.5,0.1,7,0.2,0.6,0.2,0.4227100102088759,0.00815050516886481,0.1935002895233891,7
0.5,0.1,7,0.2,0.8,0.0,0.5064263453565737,0.0070708586737497975,0.14625160371969875,9
0.5,0.1,7,0.4,0.0,0.6,0.38047496488137394,0.009066437361101675,0.15889052772218756,6
0.5,0.1,7,0.4,0.2,0.4,0.4227100102088759,0.00815050516886481,0.1935002895233891,7
0.5,0.1,7,0.4,0.4,0.2,0.5054199659420858,0.006988669989127599,0.15174447348361683,9
0.5,0.1,7,0.4,0.6,0.0,0.4849999127132951,0.008990014234250903,0.17981256274370755,10
0.5,0.1,7,0.6,0.0,0.4,0.40109772452063197,0.008451789149262433,0.1787640066737184,7
0.5,0.1,7,0.6,0.2,0.2,0.5054199659420858,0.006988669989127599,0.15174447348361683,9
0.5,0.1,7,0.6,0.4,0.0,0.4441689827151007,0.007576031206131924,0.1808211944142825,7
0.5,0.1,7,0.8,0.0,0.2,0.40109772452063197,0.008451789149262433,0.1787640066737184,7
0.5,0.1,7,0.8,0.2,0.0,0.4441689827151007,0.007576031206131924,0.1808211944142825,7
0.5,0.1,7,1.0,0.0,0.0,0.4441689827151007,0.006159406648631307,0.14576803760494142,7
0.5,0.4,0,0.0,0.0,1.0,0.4747440123504088,0.00825546281468594,0.23554586496435104,9
0.5,0.4,0,0.0,0.2,0.8,0.3467736407954251,0.009477418790222443,0.22402744228557966,9
0.5,0.4,0,0.0,0.4,0.6,0.3467736407954251,0.009477418790222443,0.22402744228557966,9
0.5,0.4,0,0.0,0.6,0.4,0.3467736407954251,0.009477418790222443,0.22402744228557966,9
0.5,0.4,0,0.0,0.8,0.2,0.3467736407954251,0.009477418790222443,0.22402744228557966,9
0.5,0.4,0,0.0,1.0,0.0,0.2806460746428916,0.009977342823442254,0.20851646041627142,9
0.5,0.4,0,0.2,0.0,0.8,0.5422723133660561,0.011896066715474385,0.3013755062806614,9
0.5,0.4,0,0.2,0.2,0.6,0.47509018405623726,0.011007170371037678,0.30078098680552334,9
0.5,0.4,0,0.2,0.4,0.4,0.537796034463864,0.010159059160096634,0.26849267094575197,8
0.5,0.4,0,0.2,0.6,0.2,0.4885023071502211,0.011683527013462194,0.27371467990760945,10
0.5,0.4,0,0.2,0.8,0.0,0.6043870861098081,0.011613326128218108,0.25357334882408006,10
0.5,0.4,0,0.4,0.0,0.6,0.4885023071502211,0.011683527013462194,0.27371467990760945,10
0.5,0.4,0,0.4,0.2,0.4,0.5411201830377307,0.010247806885724022,0.2366929284073187,9
0.5,0.4,0,0.4,0.4,0.2,0.5759192947262568,0.007550905065005452,0.20157010706791798,8
0.5,0.4,0,0.4,0.6,0.0,0.675577378776537,0.008132365879814217,0.21770361069070437,8
0.5,0.4,0,0.6,0.0,0.4,0.6644809302184586,0.009896031064071366,0.24008121442779487,8
0.5,0.4,0,0.6,0.2,0.2,0.5318227797424111,0.008155893263569169,0.21078535212116328,9
0.5,0.4,0,0.6,0.4,0.0,0.675577378776537,0.008132365879814217,0.21770361069070437,8
0.5,0.4,0,0.8,0.0,0.2,0.6391400770397695,0.011822146342474195,0.2885466613049015,8
0.5,0.4,0,0.8,0.2,0.0,0.5753715844396843,0.008210581568096401,0.2236904975111792,9
0.5,0.4,0,1.0,0.0,0.0,0.5981776305453073,0.006503916204700869,0.16752085012441917,10
0.5,0.4,1,0.0,0.0,1.0,0.31634477207465606,0.008848077027150616,0.17896252639353977,10
0.5,0.4,1,0.0,0.2,0.8,0.2652790038820562,0.008128682293588622,0.17549992971471828,9
0.5,0.4,1,0.0,0.4,0.6,0.2652790038820562,0.008128682293588622,0.17549992971471828,9
0.5,0.4,1,0.0,0.6,0.4,0.2652790038820562,0.008128682293588622,0.17549992971471828,9
0.5,0.4,1,0.0,0.8,0.2,0.2652790038820562,0.008128682293588622,0.17549992971471828,9
0.5,0.4,1,0.0,1.0,0.0,0.2652790038820562,0.008128682293588622,0.17549992971471828,9
0.5,0.4,1,0.2,0.0,0.8,0.48552778133603786,0.009327848459552411,0.1827651165196629,10
0.5,0.4,1,0.2,0.2,0.6,0.4762326399149207,0.011891800128494483,0.18228219203120746,9
0.5,0.4,1,0.2,0.4,0.4,0.4762326399149207,0.011891800128494483,0.18228219203120746,9
0.5,0.4,1,0.2,0.6,0.2,0.39564298043460255,0.008496527983443938,0.13720941659331062,8
0.5,0.4,1,0.2,0.8,0.0,0.5088723911609356,0.009393850884665924,0.16802917602315195,10
0.5,0.4,1,0.4,0.0,0.6,0.42289665176048163,0.009264452029101674,0.1655180539176581,10
0.5,0.4,1,0.4,0.2,0.4,0.5006046086717254,0.01088024287671664,0.1865455382167821,10
0.5,0.4,1,0.4,0.4,0.2,0.5006046086717254,0.01088024287671664,0.1865455382167821,10
0.5,0.4,1,0.4,0.6,0.0,0.4473415501364316,0.0059227750897441825,0.11658254820960234,8
0.5,0.4,1,0.6,0.0,0.4,0.4149560660733872,0.006748877971811765,0.14228155820630017,9
0.5,0.4,1,0.6,0.2,0.2,0.46599130162168295,0.007022083706319328,0.14522628344080485,9
0.5,0.4,1,0.6,0.4,0.0,0.4473415501364316,0.0059227750897441825,0.11658254820960234,8
0.5,0.4,1,0.8,0.0,0.2,0.45683371424311947,0.010678012995782757,0.1838000242923419,9
0.5,0.4,1,0.8,0.2,0.0,0.4473415501364316,0.0059227750897441825,0.11658254820960234,8
0.5,0.4,1,1.0,0.0,0.0,0.4701935411089419,0.005570237625245643,0.0987068586841141,9
0.5,0.4,2,0.0,0.0,1.0,0.18301838131960957,0.003949723392727658,0.11094411270072585,7
0.5,0.4,2,0.0,0.2,0.8,0.2752581582066153,0.0065417214388147835,0.11867793889232939,9
0.5,0.4,2,0.0,0.4,0.6,0.2752581582066153,0.0065417214388147835,0.11867793889232939,9
0.5,0.4,2,0.0,0.6,0.4,0.2752581582066153,0.0065417214388147835,0.11867793889232939,9
0.5,0.4,2,0.0,0.8,0.2,0.2752581582066153,0.0065417214388147835,0.11867793889232939,9
0.5,0.4,2,0.0,1.0,0.0,0.2752581582066153,0.0065417214388147835,0.11867793889232939,9
0.5,0.4,2,0.2,0.0,0.8,0.32113306387864327,0.00859010761418097,0.15301104506148355,9
0.5,0.4,2,0.2,0.2,0.6,0.3362361934516479,0.006426416141431801,0.12527372067898498,10
0.5,0.4,2,0.2,0.4,0.4,0.3974133182624202,0.01794084842170181,0.25533585638863937,9
0.5,0.4,2,0.2,0.6,0.2,0.4027371383160309,0.0060377714687189004,0.1288559396566062,10
0.5,0.4,2,0.2,0.8,0.0,0.4337975694989717,0.006601586887726499,0.12549268739383812,10
0.5,0.4,2,0.4,0.0,0.6,0.30562119798779996,0.0054995370915548935,0.1161466481776534,8
0.5,0.4,2,0.4,0.2,0.4,0.4027371383160309,0.0060377714687189004,0.1288559396566062,10
0.5,0.4,2,0.4,0.4,0.2,0.4180252362136384,0.0057386482105059216,0.1168683445755735,10
0.5,0.4,2,0.4,0.6,0.0,0.4337975694989717,0.006601586887726499,0.12549268739383812,10
0.5,0.4,2,0.6,0.0,0.4,0.4326259945570651,0.006350597797339773,0.1237117617706861,9
0.5,0.4,2,0.6,0.2,0.2,0.4180252362136384,0.0057386482105059216,0.1168683445755735,10
0.5,0.4,2,0.6,0.4,0.0,0.4337975694989717,0.006601586887726499,0.12549268739383812,10
0.5,0.4,2,0.8,0.0,0.2,0.4337975694989717,0.006601586887726499,0.12549268739383812,10
0.5,0.4,2,0.8,0.2,0.0,0.4337975694989717,0.006601586887726499,0.12549268739383812,10
0.5,0.4,2,1.0,0.0,0.0,0.4158088209815386,0.004720787895641575,0.08718432238150525,9
0.5,0.4,3,0.0,0.0,1.0,0.08513056184988066,0.0011221119325545684,0.07642868746542966,8
0.5,0.4,3,0.0,0.2,0.8,0.18785077936782135,0.0015246812449360254,0.03892677521875428,8
0.5,0.4,3,0.0,0.4,0.6,0.18785077936782135,0.0015246812449360254,0.03892677521875428,8
0.5,0.4,3,0.0,0.6,0.4,0.18785077936782135,0.0015246812449360254,0.03892677521875428,8
0.5,0.4,3,0.0,0.8,0.2,0.18785077936782135,0.0015246812449360254,0.03892677521875428,8
0.5,0.4,3,0.0,1.0,0.0,0.33913682548203855,0.0019778578023276067,0.04575828254618775,9
0.5,0.4,3,0.2,0.0,0.8,0.5143180071427222,0.0006983345121418681,0.02312295744741412,8
0.5,0.4,3,0.2,0.2,0.6,0.4985499771189701,0.001771462052532217,0.04200941354292671,10
0.5,0.4,3,0.2,0.4,0.4,0.47263772389340153,0.0007175000393640378,0.02308434229665357,9
0.5,0.4,3,0.2,0.6,0.2,0.5481849722649244,0.0011243274829413074,0.03515580126047148,9
0.5,0.4,3,0.2,0.8,0.0,0.5369275242127034,0.000754326634539171,0.02488248973817972,8
0.5,0.4,3,0.4,0.0,0.6,0.46392704826950526,0.0007819865515550228,0.026922321576030413,8
0.5,0.4,3,0.4,0.2,0.4,0.5481849722649244,0.0011243274829413074,0.03515580126047148,9
0.5,0.4,3,0.4,0.4,0.2,0.5481849722649244,0.0011243274829413074,0.03515580126047148,9
0.5,0.4,3,0.4,0.6,0.0,0.5369275242127034,0.000754326634539171,0.02488248973817972,8
0.5,0.4,3,0.6,0.0,0.4,0.4296392908942427,0.0005823691347379421,0.022219157098530045,8
0.5,0.4,3,0.6,0.2,0.2,0.44940593341436136,0.0013877474500654792,0.033952954566591295,9
0.5,0.4,3,0.6,0.4,0.0,0.5369275242127034,0.000754326634539171,0.02488248973817972,8
0.5,0.4,3,0.8,0.0,0.2,0.40826601572099336,0.000983881452646357,0.029708278038375488,7
0.5,0.4,3,0.8,0.2,0.0,0.5369275242127034,0.000754326634539171,0.02488248973817972,8
0.5,0.4,3,1.0,0.0,0.0,0.4677073784381562,0.0004351006637066425,0.017663162487892656,7
0.5,0.4,4,0.0,0.0,1.0,0.1446665011596089,0.009668307962765401,0.16266289670441605,8
0.5,0.4,4,0.0,0.2,0.8,0.09371651844899476,0.010113117489535915,0.17873337502558817,7
0.5,0.4,4,0.0,0.4,0.6,0.09371651844899476,0.010113117489535915,0.17873337502558817,7
0.5,0.4,4,0.0,0.6,0.4,0.09371651844899476,0.010113117489535915,0.17873337502558817,7
0.5,0.4,4,0.0,0.8,0.2,0.09371651844899476,0.010113117489535915,0.17873337502558817,7
0.5,0.4,4,0.0,1.0,0.0,0.36646159778442516,0.011893494642237773,0.17486089654913717,8
0.5,0.4,4,0.2,0.0,0.8,0.24633520561117866,0.011501718698552179,0.18575078291951408,8
0.5,0.4,4,0.2,0.2,0.6,0.47681300288548634,0.011530199581151692,0.185873984216692,10
0.5,0.4,4,0.2,0.4,0.4,0.47681300288548634,0.011530199581151692,0.185873984216692,10
0.5,0.4,4,0.2,0.6,0.2,0.40910910118609356,0.008672681445120314,0.14754141738210716,9
0.5,0.4,4,0.2,0.8,0.0,0.472533287011471,0.006834552577010136,0.11275193286367526,8
0.5,0.4,4,0.4,0.0,0.6,0.43182266794934754,0.008592363598917302,0.127246699845555,10
0.5,0.4,4,0.4,0.2,0.4,0.40910910118609356,0.008672681445120314,0.14754141738210716,9
0.5,0.4,4,0.4,0.4,0.2,0.3933350753761096,0.008992288409996087,0.14639576772584537,8
0.5,0.4,4,0.4,0.6,0.0,0.472533287011471,0.006834552577010136,0.11275193286367526,8
0.5,0.4,4,0.6,0.0,0.4,0.41545286878174514,0.0067569917702908445,0.10473591714954386,8
0.5,0.4,4,0.6,0.2,0.2,0.472533287011471,0.006834552577010136,0.11275193286367526,8
0.5,0.4,4,0.6,0.4,0.0,0.472533287011471,0.006834552577010136,0.11275193286367526,8
0.5,0.4,4,0.8,0.0,0.2,0.5818750967656978,0.006974964421889552,0.11808773118430407,10
0.5,0.4,4,0.8,0.2,0.0,0.472533287011471,0.006834552577010136,0.11275193286367526,8
0.5,0.4,4,1.0,0.0,0.0,0.5349320057124042,0.005000734445607919,0.08206344723562399,10
0.5,0.4,5,0.0,0.0,1.0,0.24338289454917408,0.004193474567484848,0.1381171047557853,6
0.5,0.4,5,0.0,0.2,0.8,0.25849595503221845,0.007658780356725386,0.18643878809930725,7
0.5,0.4,5,0.0,0.4,0.6,0.25849595503221845,0.007658780356725386,0.18643878809930725,7
0.5,0.4,5,0.0,0.6,0.4,0.25849595503221845,0.007658780356725386,0.18643878809930725,7
0.5,0.4,5,0.0,0.8,0.2,0.25849595503221845,0.007658780356725386,0.18643878809930725,7
0.5,0.4,5,0.0,1.0,0.0,0.4096344099449249,0.00840367043909646,0.20156667577537393,10
0.5,0.4,5,0.2,0.0,0.8,0.35334303010589757,0.010248954203489036,0.21990996114091788,10
0.5,0.4,5,0.2,0.2,0.6,0.6007818124807243,0.007755285196494304,0.1661156886124233,9
0.5,0.4,5,0.2,0.4,0.4,0.5866024927257439,0.006844862465262734,0.1384510274523556,8
0.5,0.4,5,0.2,0.6,0.2,0.5344940496999104,0.006461302129433603,0.16216597129939037,10
0.5,0.4,5,0.2,0.8,0.0,0.497691914266494,0.00488271617642849,0.1078517484757867,9
0.5,0.4,5,0.4,0.0,0.6,0.537983378168908,0.006864500143834046,0.13908348562419598,9
0.5,0.4,5,0.4,0.2,0.4,0.5308992223393516,0.007066181093551341,0.13699992745098422,8
0.5,0.4,5,0.4,0.4,0.2,0.5096489796091083,0.008203355667033809,0.15823590564819268,7
0.5,0.4,5,0.4,0.6,0.0,0.497691914266494,0.00488271617642849,0.1078517484757867,9
0.5,0.4,5,0.6,0.0,0.4,0.5625796358041039,0.00579908511793659,0.11983911994446025,9
0.5,0.4,5,0.6,0.2,0.2,0.5505197743845304,0.005949391055896514,0.1159626430579402,10
0.5,0.4,5,0.6,0.4,0.0,0.497691914266494,0.00488271617642849,0.1078517484757867,9
0.5,0.4,5,0.8,0.0,0.2,0.6233827612227326,0.0071362170375798405,0.1281756141716028,9
0.5,0.4,5,0.8,0.2,0.0,0.497691914266494,0.00488271617642849,0.1078517484757867,9
0.5,0.4,5,1.0,0.0,0.0,0.5485740774015495,0.0037538764100881333,0.08101725289961471,9
0.5,0.4,6,0.0,0.0,1.0,0.3565463624857965,0.010218863704035906,0.19491785743379622,9
0.5,0.4,6,0.0,0.2,0.8,0.2511356527469649,0.00890904713788234,0.16238304417447677,8
0.5,0.4,6,0.0,0.4,0.6,0.22077514185513994,0.01054358289705881,0.16901882882760094,10
0.5,0.4,6,0.0,0.6,0.4,0.22077514185513994,0.01054358289705881,0.16901882882760094,10
0.5,0.4,6,0.0,0.8,0.2,0.22077514185513994,0.01054358289705881,0.16901882882760094,10
0.5,0.4,6,0.0,1.0,0.0,0.22634947739500721,0.009787280348155616,0.17159343005219418,10
0.5,0.4,6,0.2,0.0,0.8,0.2684264381161075,0.009484642841459912,0.17467907761482981,9
0.5,0.4,6,0.2,0.2,0.6,0.3022822577070576,0.009359759388940693,0.18565114459008086,10
0.5,0.4,6,0.2,0.4,0.4,0.3543151219383922,0.011190158330955314,0.21364922159785857,10
0.5,0.4,6,0.2,0.6,0.2,0.43064798117742986,0.008815921875438582,0.15298335680002734,10
0.5,0.4,6,0.2,0.8,0.0,0.38508908383915214,0.006815802908633893,0.1312564136208256,9
0.5,0.4,6,0.4,0.0,0.6,0.36022539020211325,0.007700884909143191,0.15513783702348216,9
0.5,0.4,6,0.4,0.2,0.4,0.43064798117742986,0.008815921875438582,0.15298335680002734,10
0.5,0.4,6,0.4,0.4,0.2,0.39993143101017564,0.008405885283017247,0.15248294333864354,9
0.5,0.4,6,0.4,0.6,0.0,0.38508908383915214,0.006815802908633893,0.1312564136208256,9
0.5,0.4,6,0.6,0.0,0.4,0.4086482689918492,0.008665327441210876,0.15068476064209235,10
0.5,0.4,6,0.6,0.2,0.2,0.4000799312760196,0.006919356553117066,0.13181579248888625,9
0.5,0.4,6,0.6,0.4,0.0,0.38508908383915214,0.006815802908633893,0.1312564136208256,9
0.5,0.4,6,0.8,0.0,0.2,0.4086482689918492,0.008665327441210876,0.15068476064209235,10
0.5,0.4,6,0.8,0.2,0.0,0.35053121719865127,0.007013426292659781,0.13787170921978548,7
0.5,0.4,6,1.0,0.0,0.0,0.39066843712269067,0.004306254310985245,0.07848912410326224,10
0.5,0.4,7,0.0,0.0,1.0,0.304988249622397,0.013181109393792575,0.2837973016546295,9
0.5,0.4,7,0.0,0.2,0.8,0.2667750393090973,0.010223794525673457,0.23018718638335445,7
0.5,0.4,7,0.0,0.4,0.6,0.2667750393090973,0.010223794525673457,0.23018718638335445,7
0.5,0.4,7,0.0,0.6,0.4,0.2667750393090973,0.010223794525673457,0.23018718638335445,7
0.5,0.4,7,0.0,0.8,0.2,0.2667750393090973,0.010223794525673457,0.23018718638335445,7
0.5,0.4,7,0.0,1.0,0.0,0.1923008876032969,0.010613438212479957,0.22446130486350735,8
0.5,0.4,7,0.2,0.0,0.8,0.28147518604320926,0.011911369281892915,0.2519690187801698,8
0.5,0.4,7,0.2,0.2,0.6,0.28147518604320926,0.011911369281892915,0.2519690187801698,8
0.5,0.4,7,0.2,0.4,0.4,0.48599943150394376,0.009865774381899763,0.2019502769430714,8
0.5,0.4,7,0.2,0.6,0.2,0.44661177265931834,0.007041939401085939,0.16826843535318783,8
0.5,0.4,7,0.2,0.8,0.0,0.44788240980727234,0.005020498730573526,0.10966001847535521,8
0.5,0.4,7,0.4,0.0,0.6,0.4622989457887759,0.00794247462302577,0.17935543051298952,6
0.5,0.4,7,0.4,0.2,0.4,0.49060939278798404,0.006922569789916591,0.1763493721391657,8
0.5,0.4,7,0.4,0.4,0.2,0.42067524501950043,0.005173658135474305,0.11577739447109328,8
0.5,0.4,7,0.4,0.6,0.0,0.44788240980727234,0.005020498730573526,0.10966001847535521,8
0.5,0.4,7,0.6,0.0,0.4,0.42067524501950043,0.005173658135474305,0.11577739447109328,8
0.5,0.4,7,0.6,0.2,0.2,0.44788240980727234,0.005020498730573526,0.10966001847535521,8
0.5,0.4,7,0.6,0.4,0.0,0.44788240980727234,0.005020498730573526,0.10966001847535521,8
0.5,0.4,7,0.8,0.0,0.2,0.44788240980727234,0.004910822433268885,0.10966001847535521,8
0.5,0.4,7,0.8,0.2,0.0,0.44788240980727234,0.005020498730573526,0.10966001847535521,8
0.5,0.4,7,1.0,0.0,0.0,0.44788240980727234,0.004381320203228079,0.09909684489682387,8
0.5,0.8,0,0.0,0.0,1.0,0.24120113907621754,0.007882959574470081,0.19843973324188802,8
0.5,0.8,0,0.0,0.2,0.8,0.3335981444083285,0.007014917896361643,0.1862007022156019,7
0.5,0.8,0,0.0,0.4,0.6,0.3335981444083285,0.007014917896361643,0.1862007022156019,7
0.5,0.8,0,0.0,0.6,0.4,0.3335981444083285,0.007014917896361643,0.1862007022156019,7
0.5,0.8,0,0.0,0.8,0.2,0.3335981444083285,0.007014917896361643,0.1862007022156019,7
0.5,0.8,0,0.0,1.0,0.0,0.3833227553792127,0.009098151772159405,0.21789052817651494,8
0.5,0.8,0,0.2,0.0,0.8,0.2981148564200941,0.006631442172956023,0.19418376354540018,7
0.5,0.8,0,0.2,0.2,0.6,0.35779711131736025,0.0066437507976989454,0.1803483101591269,10
0.5,0.8,0,0.2,0.4,0.4,0.4184779842989328,0.00932388585514952,0.20308429948448292,9
0.5,0.8,0,0.2,0.6,0.2,0.4184779842989328,0.00932388585514952,0.20308429948448292,9
0.5,0.8,0,0.2,0.8,0.0,0.45929094262884845,0.0053407062289071855,0.11717868194351642,7
0.5,0.8,0,0.4,0.0,0.6,0.4617783000122361,0.005675821681255868,0.12567325383955585,8
0.5,0.8,0,0.4,0.2,0.4,0.4184779842989328,0.00932388585514952,0.20308429948448292,9
0.5,0.8,0,0.4,0.4,0.2,0.47654611327917645,0.009171694642732252,0.21873420233360974,10
0.5,0.8,0,0.4,0.6,0.0,0.45929094262884845,0.0053407062289071855,0.11717868194351642,7
0.5,0.8,0,0.6,0.0,0.4,0.3605488698731315,0.006932223296667674,0.1923012877858984,10
0.5,0.8,0,0.6,0.2,0.2,0.47654611327917645,0.009171694642732252,0.21873420233360974,10
0.5,0.8,0,0.6,0.4,0.0,0.45929094262884845,0.0053407062289071855,0.11717868194351642,7
0.5,0.8,0,0.8,0.0,0.2,0.5485387262643177,0.007013173432596644,0.16606863657361587,9
0.5,0.8,0,0.8,0.2,0.0,0.45929094262884845,0.0053407062289071855,0.11717868194351642,7
0.5,0.8,0,1.0,0.0,0.0,0.523059192516844,0.003691801700028746,0.09316984766232533,10
0.5,0.8,1,0.0,0.0,1.0,0.27257326675777466,0.006503778625596944,0.10532445528887731,7
0.5,0.8,1,0.0,0.2,0.8,0.34898029925451035,0.006440865614491863,0.128269649456309,8
0.5,0.8,1,0.0,0.4,0.6,0.34898029925451035,0.006440865614491863,0.128269649456309,8
0.5,0.8,1,0.0,0.6,0.4,0.34898029925451035,0.006440865614491863,0.128269649456309,8
0.5,0.8,1,0.0,0.8,0.2,0.34898029925451035,0.006440865614491863,0.128269649456309,8
0.5,0.8,1,0.0,1.0,0.0,0.3298728663118087,0.005861639286484971,0.11761389229027501,9
0.5,0.8,1,0.2,0.0,0.8,0.30977123975070653,0.005865171081478059,0.12569559572571234,9
0.5,0.8,1,0.2,0.2,0.6,0.40271678101243175,0.005049336803733841,0.10021747836659785,9
0.5,0.8,1,0.2,0.4,0.4,0.48292510966110685,0.004119704283539458,0.07196491645587229,9
0.5,0.8,1,0.2,0.6,0.2,0.4522810346933952,0.004944627825845665,0.10509635247829387,9
0.5,0.8,1,0.2,0.8,0.0,0.4522810346933952,0.004944627825845665,0.10509635247829387,9
0.5,0.8,1,0.4,0.0,0.6,0.4522810346933952,0.004944627825845665,0.10509635247829387,9
0.5,0.8,1,0.4,0.2,0.4,0.4522810346933952,0.004944627825845665,0.10509635247829387,9
0.5,0.8,1,0.4,0.4,0.2,0.4522810346933952,0.004944627825845665,0.10509635247829387,9
0.5,0.8,1,0.4,0.6,0.0,0.44371864066462413,0.005052913628415704,0.08701056080193312,8
0.5,0.8,1,0.6,0.0,0.4,0.4522810346933952,0.004944627825845665,0.10509635247829387,9
0.5,0.8,1,0.6,0.2,0.2,0.4522810346933952,0.004944627825845665,0.10509635247829387,9
0.5,0.8,1,0.6,0.4,0.0,0.44371864066462413,0.005052913628415704,0.08701056080193312,8
0.5,0.8,1,0.8,0.0,0.2,0.4522810346933952,0.004944627825845665,0.10509635247829387,9
0.5,0.8,1,0.8,0.2,0.0,0.44371864066462413,0.005052913628415704,0.08701056080193312,8
0.5,0.8,1,1.0,0.0,0.0,0.4076711938052336,0.001193635516737354,0.025917777980862026,9
0.5,0.8,2,0.0,0.0,1.0,0.13645918601497822,0.004676992604271068,0.0633780562688771,7
0.5,0.8,2,0.0,0.2,0.8,0.2030194278226925,0.006501167882886037,0.11492014177497063,9
0.5,0.8,2,0.0,0.4,0.6,0.2030194278226925,0.006501167882886037,0.11492014177497063,9
0.5,0.8,2,0.0,0.6,0.4,0.2030194278226925,0.006501167882886037,0.11492014177497063,9
0.5,0.8,2,0.0,0.8,0.2,0.2030194278226925,0.006501167882886037,0.11492014177497063,9
0.5,0.8,2,0.0,1.0,0.0,0.22627166235185198,0.005327585330327347,0.08330493364998276,7
0.5,0.8,2,0.2,0.0,0.8,0.31616053021579116,0.003401227289676491,0.07342119980681219,7
0.5,0.8,2,0.2,0.2,0.6,0.4171268234598585,0.007998701451403823,0.11900287889150257,9
0.5,0.8,2,0.2,0.4,0.4,0.23687155934392423,0.003726031343028383,0.07341121381962379,8
0.5,0.8,2,0.2,0.6,0.2,0.36235653630869996,0.008582083934463506,0.12400500222210552,9
0.5,0.8,2,0.2,0.8,0.0,0.3096107870083242,0.002609834463490489,0.051855125083206305,9
0.5,0.8,2,0.4,0.0,0.6,0.31616053021579116,0.003401227289676491,0.07342119980681219,7
0.5,0.8,2,0.4,0.2,0.4,0.36235653630869996,0.008582083934463506,0.12400500222210552,9
0.5,0.8,2,0.4,0.4,0.2,0.3096107870083242,0.002609834463490489,0.051855125083206305,9
0.5,0.8,2,0.4,0.6,0.0,0.3096107870083242,0.002609834463490489,0.051855125083206305,9
0.5,0.8,2,0.6,0.0,0.4,0.31616053021579116,0.003401227289676491,0.07342119980681219,7
0.5,0.8,2,0.6,0.2,0.2,0.3096107870083242,0.002609834463490489,0.051855125083206305,9
0.5,0.8,2,0.6,0.4,0.0,0.3096107870083242,0.002609834463490489,0.051855125083206305,9
0.5,0.8,2,0.8,0.0,0.2,0.38839979135958136,0.0027771350143664555,0.0644590682605486,9
0.5,0.8,2,0.8,0.2,0.0,0.3096107870083242,0.002609834463490489,0.051855125083206305,9
0.5,0.8,2,1.0,0.0,0.0,0.38839979135958136,0.0020230796109415227,0.04595818381455488,9
0.5,0.8,3,0.0,0.0,1.0,0.1303934159370739,0.0013948585490945983,0.08066092964746667,7
0.5,0.8,3,0.0,0.2,0.8,0.12616585381065804,0.0015763735204552241,0.06104384212904634,6
0.5,0.8,3,0.0,0.4,0.6,0.12616585381065804,0.0015763735204552241,0.06104384212904634,6
0.5,0.8,3,0.0,0.6,0.4,0.12616585381065804,0.0015763735204552241,0.06104384212904634,6
0.5,0.8,3,0.0,0.8,0.2,0.12616585381065804,0.0015763735204552241,0.06104384212904634,6
0.5,0.8,3,0.0,1.0,0.0,0.13064715363472099,0.0015848829608145487,0.061197183876262176,7
0.5,0.8,3,0.2,0.0,0.8,0.3867108688245846,0.0007096577717625445,0.02370764075683848,7
0.5,0.8,3,0.2,0.2,0.6,0.43149267902414745,0.000726219547457467,0.020407248149106074,6
0.5,0.8,3,0.2,0.4,0.4,0.43149267902414745,0.000726219547457467,0.020407248149106074,6
0.5,0.8,3,0.2,0.6,0.2,0.43149267902414745,0.000726219547457467,0.020407248149106074,6
0.5,0.8,3,0.2,0.8,0.0,0.43149267902414745,0.000726219547457467,0.020407248149106074,6
0.5,0.8,3,0.4,0.0,0.6,0.3966245731831816,0.0007096577717625445,0.02370764075683848,8
0.5,0.8,3,0.4,0.2,0.4,0.43149267902414745,0.000726219547457467,0.020407248149106074,6
0.5,0.8,3,0.4,0.4,0.2,0.43149267902414745,0.000726219547457467,0.020407248149106074,6
0.5,0.8,3,0.4,0.6,0.0,0.43149267902414745,0.000726219547457467,0.020407248149106074,6
0.5,0.8,3,0.6,0.0,0.4,0.3004214147764456,0.00034719674064292554,0.012676357785642975,8
0.5,0.8,3,0.6,0.2,0.2,0.43149267902414745,0.000726219547457467,0.020407248149106074,6
0.5,0.8,3,0.6,0.4,0.0,0.43149267902414745,0.000726219547457467,0.020407248149106074,6
0.5,0.8,3,0.8,0.0,0.2,0.3004214147764456,0.00034719674064292554,0.012676357785642975,8
0.5,0.8,3,0.8,0.2,0.0,0.43149267902414745,0.000726219547457467,0.020407248149106074,6
0.5,0.8,3,1.0,0.0,0.0,0.3004214147764456,0.00017397345187276472,0.008442558286557586,8
0.5,0.8,4,0.0,0.0,1.0,0.20303870964354134,0.009948084494609374,0.14608249679695304,8
0.5,0.8,4,0.0,0.2,0.8,0.20303870964354134,0.009948084494609374,0.14608249679695304,8
0.5,0.8,4,0.0,0.4,0.6,0.20303870964354134,0.009948084494609374,0.14608249679695304,8
0.5,0.8,4,0.0,0.6,0.4,0.20303870964354134,0.009948084494609374,0.14608249679695304,8
0.5,0.8,4,0.0,0.8,0.2,0.20303870964354134,0.009948084494609374,0.14608249679695304,8
0.5,0.8,4,0.0,1.0,0.0,0.28216977533988213,0.007043570503138082,0.11028410393212075,5
0.5,0.8,4,0.2,0.0,0.8,0.3140667990475351,0.007001039619320922,0.11533058870154111,5
0.5,0.8,4,0.2,0.2,0.6,0.3140667990475351,0.007001039619320922,0.11533058870154111,5
0.5,0.8,4,0.2,0.4,0.4,0.3140667990475351,0.007001039619320922,0.11533058870154111,5
0.5,0.8,4,0.2,0.6,0.2,0.31907701956012285,0.007554238308820784,0.11144677863693025,7
0.5,0.8,4,0.2,0.8,0.0,0.4645710668211364,0.007690360837649916,0.117557857341692,8
0.5,0.8,4,0.4,0.0,0.6,0.2970999769256912,0.008499787077577701,0.14511912708185543,8
0.5,0.8,4,0.4,0.2,0.4,0.3640667990475351,0.007001620687607824,0.11660420615116664,5
0.5,0.8,4,0.4,0.4,0.2,0.4584720266742463,0.00385177563164417,0.07418302326908005,8
0.5,0.8,4,0.4,0.6,0.0,0.4584720266742463,0.00385177563164417,0.07418302326908005,8
0.5,0.8,4,0.6,0.0,0.4,0.3640667990475351,0.007001620687607824,0.11660420615116664,5
0.5,0.8,4,0.6,0.2,0.2,0.4584720266742463,0.00385177563164417,0.07418302326908005,8
0.5,0.8,4,0.6,0.4,0.0,0.4584720266742463,0.00385177563164417,0.07418302326908005,8
0.5,0.8,4,0.8,0.0,0.2,0.3640667990475351,0.007001620687607824,0.11660420615116664,5
0.5,0.8,4,0.8,0.2,0.0,0.4584720266742463,0.00385177563164417,0.07418302326908005,8
0.5,0.8,4,1.0,0.0,0.0,0.4584720266742463,0.0021622109299491046,0.043025388130716026,8
0.5,0.8,5,0.0,0.0,1.0,0.4127628331250526,0.005939766157428961,0.1242830599607518,10
0.5,0.8,5,0.0,0.2,0.8,0.40434720609156694,0.00817776109145558,0.15341411609916453,9
0.5,0.8,5,0.0,0.4,0.6,0.40434720609156694,0.00817776109145558,0.15341411609916453,9
0.5,0.8,5,0.0,0.6,0.4,0.40434720609156694,0.00817776109145558,0.15341411609916453,9
0.5,0.8,5,0.0,0.8,0.2,0.40434720609156694,0.00817776109145558,0.15341411609916453,9
0.5,0.8,5,0.0,1.0,0.0,0.25881767248924126,0.006812189075859877,0.12741696217514997,8
0.5,0.8,5,0.2,0.0,0.8,0.4667303084674435,0.0059603377836963695,0.13625117109805882,9
0.5,0.8,5,0.2,0.2,0.6,0.43298159177051637,0.005377708068539931,0.12977457545324503,8
0.5,0.8,5,0.2,0.4,0.4,0.512755762113249,0.005748245759605977,0.14416830323990942,9
0.5,0.8,5,0.2,0.6,0.2,0.5449425755192108,0.004249308084702969,0.11949825419276329,10
0.5,0.8,5,0.2,0.8,0.0,0.6075479453810366,0.004740822632272016,0.08898398003428974,10
0.5,0.8,5,0.4,0.0,0.6,0.5396913668149772,0.005996990663938013,0.1368256499317457,10
0.5,0.8,5,0.4,0.2,0.4,0.5922173233799377,0.007931540784667112,0.13902870800495434,8
0.5,0.8,5,0.4,0.4,0.2,0.5380266417673004,0.003250518469282428,0.06469110235184222,10
0.5,0.8,5,0.4,0.6,0.0,0.6075479453810366,0.004740822632272016,0.08898398003428974,10
0.5,0.8,5,0.6,0.0,0.4,0.5069805459481059,0.005288349505154193,0.09168606393681537,10
0.5,0.8,5,0.6,0.2,0.2,0.512755762113249,0.005748245759605977,0.14416830323990942,9
0.5,0.8,5,0.6,0.4,0.0,0.6075479453810366,0.004740822632272016,0.08898398003428974,10
0.5,0.8,5,0.8,0.0,0.2,0.4483998029598603,0.004394187960179215,0.08713963623701325,9
0.5,0.8,5,0.8,0.2,0.0,0.6075479453810366,0.004740822632272016,0.08898398003428974,10
0.5,0.8,5,1.0,0.0,0.0,0.6036840971736562,0.003332900451836568,0.06556413047712296,9
0.5,0.8,6,0.0,0.0,1.0,0.21380519072007642,0.004929015094998149,0.09808988742721494,9
0.5,0.8,6,0.0,0.2,0.8,0.3142030669347741,0.007122610277229074,0.13008610474470272,10
0.5,0.8,6,0.0,0.4,0.6,0.3142030669347741,0.007122610277229074,0.13008610474470272,10
0.5,0.8,6,0.0,0.6,0.4,0.3142030669347741,0.007122610277229074,0.13008610474470272,10
0.5,0.8,6,0.0,0.8,0.2,0.3142030669347741,0.007122610277229074,0.13008610474470272,10
0.5,0.8,6,0.0,1.0,0.0,0.2523256915324448,0.007828422009820039,0.1138640611757074,8
0.5,0.8,6,0.2,0.0,0.8,0.3550172525833986,0.006433318250308701,0.11622817550514283,10
0.5,0.8,6,0.2,0.2,0.6,0.31847331554716163,0.007035317585890411,0.12450107458045213,10
0.5,0.8,6,0.2,0.4,0.4,0.29997504802645203,0.006218458040576862,0.1092906661829317,10
0.5,0.8,6,0.2,0.6,0.2,0.3950349000495848,0.005093714071546513,0.07351285368004667,10
0.5,0.8,6,0.2,0.8,0.0,0.36770976274127354,0.00383484741387151,0.07494451249616192,10
0.5,0.8,6,0.4,0.0,0.6,0.3578035175450707,0.0066877725670462605,0.10520675890974604,10
0.5,0.8,6,0.4,0.2,0.4,0.3950349000495848,0.005093714071546513,0.07351285368004667,10
0.5,0.8,6,0.4,0.4,0.2,0.35063536110939253,0.004476235105633428,0.08467030169277309,10
0.5,0.8,6,0.4,0.6,0.0,0.36770976274127354,0.00383484741387151,0.07494451249616192,10
0.5,0.8,6,0.6,0.0,0.4,0.4387103400044696,0.0061683087708862844,0.11124803529363642,9
0.5,0.8,6,0.6,0.2,0.2,0.35063536110939253,0.004476235105633428,0.08467030169277309,10
0.5,0.8,6,0.6,0.4,0.0,0.4540932220954049,0.004965473888092036,0.09398586369759591,9
0.5,0.8,6,0.8,0.0,0.2,0.3614501597531548,0.005215351195967084,0.0784430664487908,8
0.5,0.8,6,0.8,0.2,0.0,0.374978239144003,0.0074746663945575165,0.11120287751680821,9
0.5,0.8,6,1.0,0.0,0.0,0.374978239144003,0.0031000670903127575,0.04981734377806473,9
0.5,0.8,7,0.0,0.0,1.0,0.14997439256176326,0.004086506569914288,0.08716954757454366,7
0.5,0.8,7,0.0,0.2,0.8,0.24141191581157528,0.005591500017981783,0.11495198008771969,9
0.5,0.8,7,0.0,0.4,0.6,0.24141191581157528,0.005591500017981783,0.11495198008771969,9
0.5,0.8,7,0.0,0.6,0.4,0.24141191581157528,0.005591500017981783,0.11495198008771969,9
0.5,0.8,7,0.0,0.8,0.2,0.24141191581157528,0.005591500017981783,0.11495198008771969,9
0.5,0.8,7,0.0,1.0,0.0,0.25575688332645663,0.005954757896602183,0.10607523533505063,6
0.5,0.8,7,0.2,0.0,0.8,0.19772481988461335,0.006089224388107727,0.14162541488688227,8
0.5,0.8,7,0.2,0.2,0.6,0.19772481988461335,0.006089224388107727,0.14162541488688227,8
0.5,0.8,7,0.2,0.4,0.4,0.19772481988461335,0.006089224388107727,0.14162541488688227,8
0.5,0.8,7,0.2,0.6,0.2,0.36146459337105213,0.0028151185188249753,0.06571816031498849,6
0.5,0.8,7,0.2,0.8,0.0,0.2719445883600136,0.003098457960757353,0.0726325560829947,7
0.5,0.8,7,0.4,0.0,0.6,0.19772481988461335,0.006089224388107727,0.14162541488688227,8
0.5,0.8,7,0.4,0.2,0.4,0.21884432836193407,0.006911355710351471,0.16520415612216724,7
0.5,0.8,7,0.4,0.4,0.2,0.2719445883600136,0.003098457960757353,0.0726325560829947,7
0.5,0.8,7,0.4,0.6,0.0,0.2719445883600136,0.003098457960757353,0.0726325560829947,7
0.5,0.8,7,0.6,0.0,0.4,0.25818638311026626,0.0060742746383321234,0.11849833978731819,8
0.5,0.8,7,0.6,0.2,0.2,0.2719445883600136,0.003098457960757353,0.0726325560829947,7
0.5,0.8,7,0.6,0.4,0.0,0.2719445883600136,0.003098457960757353,0.0726325560829947,7
0.5,0.8,7,0.8,0.0,0.2,0.25818638311026626,0.0060742746383321234,0.11849833978731819,8
0.5,0.8,7,0.8,0.2,0.0,0.2719445883600136,0.003098457960757353,0.0726325560829947,7
0.5,0.8,7,1.0,0.0,0.0,0.4172044248694545,0.004460027435574445,0.08070498356499428,8
1.0,0.1,0,0.0,0.0,1.0,0.6314397992954038,0.026482692343148075,0.6023473888685541,9
1.0,0.1,0,0.0,0.2,0.8,0.7155602773825953,0.023957352673491156,0.5767286211890522,9
1.0,0.1,0,0.0,0.4,0.6,0.7565028104904112,0.026641768616505877,0.5654988518884301,9
1.0,0.1,0,0.0,0.6,0.4,0.7155602773825953,0.023957352673491156,0.5767286211890522,9
1.0,0.1,0,0.0,0.8,0.2,0.6936085652487588,0.023137344664717917,0.5213401816773109,9
1.0,0.1,0,0.0,1.0,0.0,0.9428662158310601,0.025759683489907727,0.575340880539798,6
1.0,0.1,0,0.2,0.0,0.8,0.8649810757353448,0.021389752560875264,0.5181550824504575,7
1.0,0.1,0,0.2,0.2,0.6,0.811809524618655,0.02476497836593591,0.5792438948296991,8
1.0,0.1,0,0.2,0.4,0.4,0.7928662158310601,0.024721411218720908,0.561959074374218,9
1.0,0.1,0,0.2,0.6,0.2,0.7733520431877157,0.02558592310945282,0.5537688356847863,6
1.0,0.1,0,0.2,0.8,0.0,0.8501459880466953,0.019846129133193204,0.43055483920631366,8
1.0,0.1,0,0.4,0.0,0.6,0.8923125822729913,0.01843519283157798,0.49745519797250315,9
1.0,0.1,0,0.4,0.2,0.4,0.7733520431877157,0.02558592310945282,0.5537688356847863,6
1.0,0.1,0,0.4,0.4,0.2,0.9134873061409885,0.02642793738167921,0.5972837577983735,8
1.0,0.1,0,0.4,0.6,0.0,0.8111724238431997,0.017337092903340793,0.40603482552184716,8
1.0,0.1,0,0.6,0.0,0.4,0.85,0.016879007368920573,0.40673411431175605,9
1.0,0.1,0,0.6,0.2,0.2,0.7804858273566555,0.02413327470689811,0.5391444676977724,6
1.0,0.1,0,0.6,0.4,0.0,0.8111724238431997,0.017337092903340793,0.40603482552184716,8
1.0,0.1,0,0.8,0.0,0.2,0.9009946702020842,0.02181332463441342,0.4917900201995403,7
1.0,0.1,0,0.8,0.2,0.0,0.8111724238431997,0.017337092903340793,0.40603482552184716,8
1.0,0.1,0,1.0,0.0,0.0,0.8176320215004524,0.01238373783583305,0.2958850494935878,6
1.0,0.1,1,0.0,0.0,1.0,0.49419247607118144,0.02416424439560331,0.42147557496536736,8
1.0,0.1,1,0.0,0.2,0.8,0.5635332490041356,0.02998342316232153,0.4967039353480698,10
1.0,0.1,1,0.0,0.4,0.6,0.5635332490041356,0.02998342316232153,0.4967039353480698,10
1.0,0.1,1,0.0,0.6,0.4,0.5508568747597291,0.02922654440714503,0.495561951020376,9
1.0,0.1,1,0.0,0.8,0.2,0.4129942125866669,0.02286704895005964,0.39538134661478885,8
1.0,0.1,1,0.0,1.0,0.0,0.4129942125866669,0.02286704895005964,0.39538134661478885,8
1.0,0.1,1,0.2,0.0,0.8,0.6610558456311217,0.02832010812478486,0.5663414851278259,9
1.0,0.1,1,0.2,0.2,0.6,0.7068877566060219,0.025032308650943805,0.4891049820680055,10
1.0,0.1,1,0.2,0.4,0.4,0.7874993469310962,0.02845259692706004,0.503752708883029,9
1.0,0.1,1,0.2,0.6,0.2,0.7157776748169322,0.02579698601621592,0.44661418351675397,9
1.0,0.1,1,0.2,0.8,0.0,0.6688692827821051,0.01632865159391555,0.3286280493711697,8
1.0,0.1,1,0.4,0.0,0.6,0.7061196679148288,0.02775157253485815,0.5099299378350773,9
1.0,0.1,1,0.4,0.2,0.4,0.7157776748169322,0.02579698601621592,0.44661418351675397,9
1.0,0.1,1,0.4,0.4,0.2,0.6970535760537945,0.02329620115011906,0.4489717382083564,9
1.0,0.1,1,0.4,0.6,0.0,0.7336213178789244,0.020294241816677085,0.4039862152980105,6
1.0,0.1,1,0.6,0.0,0.4,0.7280608324719758,0.022144739003960055,0.4400083719426521,8
1.0,0.1,1,0.6,0.2,0.2,0.6395089126000932,0.016207547315536093,0.3656550945259985,10
1.0,0.1,1,0.6,0.4,0.0,0.7336213178789244,0.020294241816677085,0.4039862152980105,6
1.0,0.1,1,0.8,0.0,0.2,0.7381127510722947,0.022509319364609336,0.4410228019938569,9
1.0,0.1,1,0.8,0.2,0.0,0.7336213178789244,0.020294241816677085,0.4039862152980105,6
1.0,0.1,1,1.0,0.0,0.0,0.703542177763796,0.014085367058373943,0.28914030373553146,9
1.0,0.1,2,0.0,0.0,1.0,0.43938492631232196,0.01715541084730303,0.32078407473231113,9
1.0,0.1,2,0.0,0.2,0.8,0.4262167684965831,0.018433450435417196,0.3670245645189078,10
1.0,0.1,2,0.0,0.4,0.6,0.4262167684965831,0.018433450435417196,0.3670245645189078,10
1.0,0.1,2,0.0,0.6,0.4,0.4262167684965831,0.018433450435417196,0.3670245645189078,10
1.0,0.1,2,0.0,0.8,0.2,0.4262167684965831,0.018433450435417196,0.3670245645189078,10
1.0,0.1,2,0.0,1.0,0.0,0.3802365204826066,0.018906598106182542,0.3050131643196467,9
1.0,0.1,2,0.2,0.0,0.8,0.5359511022247258,0.014245588319310378,0.32205299918121205,10
1.0,0.1,2,0.2,0.2,0.6,0.5165038251143254,0.01963963275798731,0.35155674564808553,10
1.0,0.1,2,0.2,0.4,0.4,0.643828355780868,0.014065213384302241,0.297292624755408,7
1.0,0.1,2,0.2,0.6,0.2,0.6286819215615554,0.015541514838863998,0.2724281792726375,10
1.0,0.1,2,0.2,0.8,0.0,0.6888617677346697,0.01638570254949709,0.29667180205770577,10
1.0,0.1,2,0.4,0.0,0.6,0.6775924202242123,0.02014016643157056,0.35589650069229345,9
1.0,0.1,2,0.4,0.2,0.4,0.584142213175667,0.0205313034947143,0.3494970495169537,8
1.0,0.1,2,0.4,0.4,0.2,0.7553622630085204,0.024409728478798184,0.3916031670719359,10
1.0,0.1,2,0.4,0.6,0.0,0.6734632774462169,0.015444235705767672,0.2969723370300248,9
1.0,0.1,2,0.6,0.0,0.4,0.6300447245184223,0.013565420836183123,0.2708035281472481,9
1.0,0.1,2,0.6,0.2,0.2,0.6368028613295966,0.013247221961337102,0.24273964618702573,7
1.0,0.1,2,0.6,0.4,0.0,0.6293628324248082,0.0166422778959813,0.2786449723059402,8
1.0,0.1,2,0.8,0.0,0.2,0.7044697452058577,0.0153367330079959,0.2834493455556213,9
1.0,0.1,2,0.8,0.2,0.0,0.6293628324248082,0.0166422778959813,0.2786449723059402,8
1.0,0.1,2,1.0,0.0,0.0,0.6795136319440751,0.009845330393382477,0.19509834212079968,9
1.0,0.1,3,0.0,0.0,1.0,0.2345692827480135,0.0024838247858785206,0.11973653100397766,7
1.0,0.1,3,0.0,0.2,0.8,0.2610248839898761,0.0025292411584025396,0.11973653100397766,8
1.0,0.1,3,0.0,0.4,0.6,0.2610248839898761,0.0025292411584025396,0.11973653100397766,8
1.0,0.1,3,0.0,0.6,0.4,0.2610248839898761,0.0025292411584025396,0.11973653100397766,8
1.0,0.1,3,0.0,0.8,0.2,0.2610248839898761,0.0025292411584025396,0.11973653100397766,8
1.0,0.1,3,0.0,1.0,0.0,0.5138940680162775,0.003902082567662879,0.10280812714346844,9
1.0,0.1,3,0.2,0.0,0.8,0.3552817204263897,0.0028871665728053796,0.159168981537911,9
1.0,0.1,3,0.2,0.2,0.6,0.6315766468991575,0.0028396316569330505,0.08332419732473328,8
1.0,0.1,3,0.2,0.4,0.4,0.7301388912553526,0.0025336163710549127,0.06836341769519722,7
1.0,0.1,3,0.2,0.6,0.2,0.7175735731475225,0.0015708817696120211,0.054368959248135014,8
1.0,0.1,3,0.2,0.8,0.0,0.6833157008922688,0.0026754036226688703,0.08046695651232438,7
1.0,0.1,3,0.4,0.0,0.6,0.6856945489059787,0.0022614442640967137,0.07074926994426146,8
1.0,0.1,3,0.4,0.2,0.4,0.7175735731475225,0.0015708817696120211,0.054368959248135014,8
1.0,0.1,3,0.4,0.4,0.2,0.6428311841596468,0.0014552340535588298,0.05075818872643691,9
1.0,0.1,3,0.4,0.6,0.0,0.6833157008922688,0.0026754036226688703,0.08046695651232438,7
1.0,0.1,3,0.6,0.0,0.4,0.6647248184446113,0.0022795551574173963,0.0579607351565317,8
1.0,0.1,3,0.6,0.2,0.2,0.6428311841596468,0.0014552340535588298,0.05075818872643691,9
1.0,0.1,3,0.6,0.4,0.0,0.6516470254158861,0.0015852702840253312,0.047699721560164,7
1.0,0.1,3,0.8,0.0,0.2,0.6221855877702355,0.002603035302939556,0.07403740299464574,7
1.0,0.1,3,0.8,0.2,0.0,0.6516470254158861,0.0015852702840253312,0.047699721560164,7
1.0,0.1,3,1.0,0.0,0.0,0.6391529377893971,0.0010412313761507055,0.03523365153910691,7
1.0,0.1,4,0.0,0.0,1.0,0.32813359809507014,0.020994524656646103,0.33617796079938256,8
1.0,0.1,4,0.0,0.2,0.8,0.3975391845756562,0.02074670879752331,0.40728393251224576,10
1.0,0.1,4,0.0,0.4,0.6,0.3975391845756562,0.02074670879752331,0.40728393251224576,10
1.0,0.1,4,0.0,0.6,0.4,0.3975391845756562,0.02074670879752331,0.40728393251224576,10
1.0,0.1,4,0.0,0.8,0.2,0.48698581335612795,0.026296007969126275,0.42466241248323255,9
1.0,0.1,4,0.0,1.0,0.0,0.48867262410422624,0.027543990141436017,0.42519369872035984,9
1.0,0.1,4,0.2,0.0,0.8,0.6196978558282752,0.02203997569173681,0.4239348361959498,8
1.0,0.1,4,0.2,0.2,0.6,0.6281335980950702,0.021198206427094093,0.349510102943274,7
1.0,0.1,4,0.2,0.4,0.4,0.7418068203810523,0.02246082805861782,0.3644969558654039,9
1.0,0.1,4,0.2,0.6,0.2,0.7418068203810523,0.02246082805861782,0.3644969558654039,9
1.0,0.1,4,0.2,0.8,0.0,0.7554618796099279,0.014884880544495865,0.24415598202956657,9
1.0,0.1,4,0.4,0.0,0.6,0.5560357363435099,0.023506158017576655,0.39471083960914494,9
1.0,0.1,4,0.4,0.2,0.4,0.7418068203810523,0.02246082805861782,0.3644969558654039,9
1.0,0.1,4,0.4,0.4,0.2,0.805461879609928,0.01495155895613524,0.24232685677991356,9
1.0,0.1,4,0.4,0.6,0.0,0.7774162365256311,0.009717147237561433,0.16870897575210272,9
1.0,0.1,4,0.6,0.0,0.4,0.6942169322522487,0.019978811144627632,0.31240569007999747,8
1.0,0.1,4,0.6,0.2,0.2,0.7822963825028977,0.011751442429980424,0.20119517143247567,9
1.0,0.1,4,0.6,0.4,0.0,0.7568287411414572,0.013819538435374677,0.2315461423450595,9
1.0,0.1,4,0.8,0.0,0.2,0.7220499986325226,0.014521317069124136,0.20894025798364793,8
1.0,0.1,4,0.8,0.2,0.0,0.7568287411414572,0.013819538435374677,0.2315461423450595,9
1.0,0.1,4,1.0,0.0,0.0,0.7564412432231293,0.007174110189086387,0.12062448897722772,9
1.0,0.1,5,0.0,0.0,1.0,0.43706751443792174,0.014497834607254302,0.3372683875759123,9
1.0,0.1,5,0.0,0.2,0.8,0.5162320609845646,0.017193312713649548,0.40139397386348064,10
1.0,0.1,5,0.0,0.4,0.6,0.5162320609845646,0.017193312713649548,0.40139397386348064,10
1.0,0.1,5,0.0,0.6,0.4,0.5162320609845646,0.017193312713649548,0.40139397386348064,10
1.0,0.1,5,0.0,0.8,0.2,0.6366200863403865,0.015551520254726564,0.3690274664123706,10
1.0,0.1,5,0.0,1.0,0.0,0.7698517861407128,0.017300139073268363,0.3240105773847811,9
1.0,0.1,5,0.2,0.0,0.8,0.6777568823802347,0.01090148371087337,0.2980809027084132,9
1.0,0.1,5,0.2,0.2,0.6,0.7601452990735431,0.012656988218843897,0.3371797057877517,9
1.0,0.1,5,0.2,0.4,0.4,0.8647799000084113,0.015565729821938802,0.34162321964375386,9
1.0,0.1,5,0.2,0.6,0.2,0.8293836855379112,0.01510473541113462,0.29588088252658085,8
1.0,0.1,5,0.2,0.8,0.0,0.7954529016606746,0.012000635920542171,0.24674463859694093,8
1.0,0.1,5,0.4,0.0,0.6,0.8769953107245306,0.014892627455457287,0.36204317636919314,9
1.0,0.1,5,0.4,0.2,0.4,0.8293836855379112,0.01510473541113462,0.29588088252658085,8
1.0,0.1,5,0.4,0.4,0.2,0.818363292288012,0.014242746992341872,0.25540804597063155,8
1.0,0.1,5,0.4,0.6,0.0,0.8245239884486419,0.011622126949345257,0.2697979029713065,8
1.0,0.1,5,0.6,0.0,0.4,0.7680060959984311,0.012535375874173619,0.3262033949215126,9
1.0,0.1,5,0.6,0.2,0.2,0.8646769328162726,0.015047549147790521,0.2939583092397297,9
1.0,0.1,5,0.6,0.4,0.0,0.8245239884486419,0.011622126949345257,0.2697979029713065,8
1.0,0.1,5,0.8,0.0,0.2,0.8769953107245306,0.014892627455457287,0.36204317636919314,9
1.0,0.1,5,0.8,0.2,0.0,0.8245239884486419,0.011622126949345257,0.2697979029713065,8
1.0,0.1,5,1.0,0.0,0.0,0.8511439935962114,0.008741170539805294,0.20587400719701088,9
1.0,0.1,6,0.0,0.0,1.0,0.392474551368971,0.022822352120114398,0.4102323139997441,10
1.0,0.1,6,0.0,0.2,0.8,0.3573050123767015,0.017669974287841398,0.3605928139862423,8
1.0,0.1,6,0.0,0.4,0.6,0.3573050123767015,0.017669974287841398,0.3605928139862423,8
1.0,0.1,6,0.0,0.6,0.4,0.3573050123767015,0.017669974287841398,0.3605928139862423,8
1.0,0.1,6,0.0,0.8,0.2,0.3573050123767015,0.017669974287841398,0.3605928139862423,8
1.0,0.1,6,0.0,1.0,0.0,0.3158713688435678,0.02319234491587462,0.4062447265002497,9
1.0,0.1,6,0.2,0.0,0.8,0.4197735393388365,0.01646908143601319,0.32794069127260994,10
1.0,0.1,6,0.2,0.2,0.6,0.4473414159650662,0.02175936485051326,0.39885674258888965,9
1.0,0.1,6,0.2,0.4,0.4,0.5164064056587138,0.019537170787882405,0.38370517457110703,10
1.0,0.1,6,0.2,0.6,0.2,0.5294020177521653,0.018903020425767313,0.34956596476372487,9
1.0,0.1,6,0.2,0.8,0.0,0.5541695523450431,0.020815105404313295,0.4046440036713122,8
1.0,0.1,6,0.4,0.0,0.6,0.5414586914039701,0.019104967991329373,0.33207314637804386,10
1.0,0.1,6,0.4,0.2,0.4,0.5155021091187971,0.02071414508121261,0.41092520103869384,9
1.0,0.1,6,0.4,0.4,0.2,0.5465582762373808,0.01782949160282159,0.3155099341795357,8
1.0,0.1,6,0.4,0.6,0.0,0.5541695523450431,0.020815105404313295,0.4046440036713122,8
1.0,0.1,6,0.6,0.0,0.4,0.4772829614847159,0.015469127491459943,0.2898330724229633,9
1.0,0.1,6,0.6,0.2,0.2,0.5732988750677962,0.017307362737360787,0.33617129927263895,10
1.0,0.1,6,0.6,0.4,0.0,0.6185689753404761,0.01994532335831203,0.37176282387288545,9
1.0,0.1,6,0.8,0.0,0.2,0.5526532901799808,0.018212518858417404,0.3621475751059697,10
1.0,0.1,6,0.8,0.2,0.0,0.6120780988006834,0.025854108192269035,0.46315022511238213,9
1.0,0.1,6,1.0,0.0,0.0,0.4687348370493946,0.008826919552516703,0.1499111495621197,7
1.0,0.1,7,0.0,0.0,1.0,0.5856838772473423,0.024801862522625083,0.48296278502738416,6
1.0,0.1,7,0.0,0.2,0.8,0.7133617893495775,0.022252577844117414,0.4457089045138249,9
1.0,0.1,7,0.0,0.4,0.6,0.7133617893495775,0.022252577844117414,0.4457089045138249,9
1.0,0.1,7,0.0,0.6,0.4,0.7133617893495775,0.022252577844117414,0.4457089045138249,9
1.0,0.1,7,0.0,0.8,0.2,0.553668283482921,0.026647234372102074,0.5099233226952077,9
1.0,0.1,7,0.0,1.0,0.0,0.5296185541471231,0.025687150490760317,0.4781551172815709,9
1.0,0.1,7,0.2,0.0,0.8,0.6194574861596523,0.022343893196732977,0.45347489336440155,8
1.0,0.1,7,0.2,0.2,0.6,0.7276982657619322,0.02143895349073747,0.4530584269826999,9
1.0,0.1,7,0.2,0.4,0.4,0.7331812599530252,0.024038977287812454,0.4858387083808016,8
1.0,0.1,7,0.2,0.6,0.2,0.715302736155722,0.02151787887492025,0.4212492297842464,8
1.0,0.1,7,0.2,0.8,0.0,0.6504461760909689,0.02317892844734826,0.45210021872290784,10
1.0,0.1,7,0.4,0.0,0.6,0.7985431257662525,0.015748197934207907,0.31608472453848213,9
1.0,0.1,7,0.4,0.2,0.4,0.6504461760909689,0.02317892844734826,0.45210021872290784,10
1.0,0.1,7,0.4,0.4,0.2,0.715302736155722,0.02151787887492025,0.4212492297842464,8
1.0,0.1,7,0.4,0.6,0.0,0.6504461760909689,0.02317892844734826,0.45210021872290784,10
1.0,0.1,7,0.6,0.0,0.4,0.7345230950226309,0.014319514971376818,0.28156509547776754,8
1.0,0.1,7,0.6,0.2,0.2,0.6504461760909689,0.02317892844734826,0.45210021872290784,10
1.0,0.1,7,0.6,0.4,0.0,0.5870529652630041,0.020385154682919075,0.3610561524724071,6
1.0,0.1,7,0.8,0.0,0.2,0.7345230950226309,0.014319514971376818,0.28156509547776754,8
1.0,0.1,7,0.8,0.2,0.0,0.5870529652630041,0.020385154682919075,0.3610561524724071,6
1.0,0.1,7,1.0,0.0,0.0,0.6657993273717404,0.010765625140226385,0.22344414297671214,9
1.0,0.4,0,0.0,0.0,1.0,0.5436937580567354,0.01554639397305202,0.32918256953610686,8
1.0,0.4,0,0.0,0.2,0.8,0.6184341031706767,0.016024811904750736,0.3825087837490883,6
1.0,0.4,0,0.0,0.4,0.6,0.6184341031706767,0.016024811904750736,0.3825087837490883,6
1.0,0.4,0,0.0,0.6,0.4,0.6184341031706767,0.016024811904750736,0.3825087837490883,6
1.0,0.4,0,0.0,0.8,0.2,0.6184341031706767,0.016024811904750736,0.3825087837490883,6
1.0,0.4,0,0.0,1.0,0.0,0.6828095917834077,0.017453645201742914,0.39938180556869746,8
1.0,0.4,0,0.2,0.0,0.8,0.6985772738436583,0.014853277435479088,0.35106767543541056,9
1.0,0.4,0,0.2,0.2,0.6,0.6602139851023934,0.016292641765383673,0.39110197767162147,8
1.0,0.4,0,0.2,0.4,0.4,0.7330401596162232,0.018384469218188544,0.40939057946042295,9
1.0,0.4,0,0.2,0.6,0.2,0.7492327428312737,0.013999624809356846,0.3295132431951375,8
1.0,0.4,0,0.2,0.8,0.0,0.7725606712236004,0.010812523559266507,0.2895895889793756,7
1.0,0.4,0,0.4,0.0,0.6,0.5184341031706767,0.011360168735479365,0.29618892591419427,8
1.0,0.4,0,0.4,0.2,0.4,0.7492327428312737,0.013999624809356846,0.3295132431951375,8
1.0,0.4,0,0.4,0.4,0.2,0.7552208322651114,0.013464315792821195,0.31934005840806196,7
1.0,0.4,0,0.4,0.6,0.0,0.772498706797223,0.012541164139917833,0.333979844139942,7
1.0,0.4,0,0.6,0.0,0.4,0.6014718163111469,0.010327549097339263,0.28430449845347194,8
1.0,0.4,0,0.6,0.2,0.2,0.7552208322651114,0.013464315792821195,0.31934005840806196,7
1.0,0.4,0,0.6,0.4,0.0,0.772498706797223,0.012541164139917833,0.333979844139942,7
1.0,0.4,0,0.8,0.0,0.2,0.6014718163111469,0.010327549097339263,0.28430449845347194,8
1.0,0.4,0,0.8,0.2,0.0,0.772498706797223,0.012541164139917833,0.333979844139942,7
1.0,0.4,0,1.0,0.0,0.0,0.6014718163111469,0.008426460405507076,0.2376091907085224,8
1.0,0.4,1,0.0,0.0,1.0,0.3835074838178586,0.009498401542361538,0.2148706892860121,8
1.0,0.4,1,0.0,0.2,0.8,0.5891015752847303,0.012789675704664674,0.2618655150368202,8
1.0,0.4,1,0.0,0.4,0.6,0.44105130862470426,0.010999761566849321,0.2460389785033186,9
1.0,0.4,1,0.0,0.6,0.4,0.44105130862470426,0.010999761566849321,0.2460389785033186,9
1.0,0.4,1,0.0,0.8,0.2,0.5506068389308871,0.011757638556263503,0.2478122344208939,9
1.0,0.4,1,0.0,1.0,0.0,0.585078581293387,0.013697938556676493,0.2437061308192862,8
1.0,0.4,1,0.2,0.0,0.8,0.637196477115642,0.010386372495687479,0.24235021851122668,8
1.0,0.4,1,0.2,0.2,0.6,0.6821748803700071,0.014204439380425161,0.24580325920147647,10
1.0,0.4,1,0.2,0.4,0.4,0.657575014565364,0.012496322181733265,0.22270343195646455,9
1.0,0.4,1,0.2,0.6,0.2,0.653138759106168,0.011764728699202393,0.23546431594070275,7
1.0,0.4,1,0.2,0.8,0.0,0.6739492706357114,0.01146508506483574,0.22512232297584106,9
1.0,0.4,1,0.4,0.0,0.6,0.637196477115642,0.010386372495687479,0.24235021851122668,8
1.0,0.4,1,0.4,0.2,0.4,0.6437456695091912,0.01021899032280745,0.19381953592948703,8
1.0,0.4,1,0.4,0.4,0.2,0.6171881667340294,0.01103127194391752,0.22549994423139916,7
1.0,0.4,1,0.4,0.6,0.0,0.6739492706357114,0.01146508506483574,0.22512232297584106,9
1.0,0.4,1,0.6,0.0,0.4,0.629253748493031,0.008874755817272411,0.21920174226863604,7
1.0,0.4,1,0.6,0.2,0.2,0.6629149570147456,0.012657347749944543,0.2614832957910123,10
1.0,0.4,1,0.6,0.4,0.0,0.6739492706357114,0.01146508506483574,0.22512232297584106,9
1.0,0.4,1,0.8,0.0,0.2,0.6437456695091912,0.01021899032280745,0.19381953592948703,8
1.0,0.4,1,0.8,0.2,0.0,0.6739492706357114,0.01146508506483574,0.22512232297584106,9
1.0,0.4,1,1.0,0.0,0.0,0.663659634090176,0.009678835235834607,0.16199042255166454,9
1.0,0.4,2,0.0,0.0,1.0,0.4286212287791317,0.014915150114215483,0.2867729570723576,8
1.0,0.4,2,0.0,0.2,0.8,0.28023402314483997,0.01048601621551732,0.22053199166529913,7
1.0,0.4,2,0.0,0.4,0.6,0.28023402314483997,0.01048601621551732,0.22053199166529913,7
1.0,0.4,2,0.0,0.6,0.4,0.28023402314483997,0.01048601621551732,0.22053199166529913,7
1.0,0.4,2,0.0,0.8,0.2,0.28023402314483997,0.01048601621551732,0.22053199166529913,7
1.0,0.4,2,0.0,1.0,0.0,0.23425261088171573,0.010657463219400656,0.21004916906079132,9
1.0,0.4,2,0.2,0.0,0.8,0.46210522322716996,0.01610556359818302,0.3090136383726099,10
1.0,0.4,2,0.2,0.2,0.6,0.5293825706969992,0.013362718651835352,0.27254058259534863,8
1.0,0.4,2,0.2,0.4,0.4,0.5732205835772991,0.01194738080259283,0.2543219149449832,8
1.0,0.4,2,0.2,0.6,0.2,0.5579643173147527,0.013540228927916417,0.24967779558133665,10
1.0,0.4,2,0.2,0.8,0.0,0.6462244623192267,0.007807710083509138,0.15770894123584878,9
1.0,0.4,2,0.4,0.0,0.6,0.5368153287275224,0.016747157291311023,0.2782089904418401,9
1.0,0.4,2,0.4,0.2,0.4,0.5692486004644095,0.011560227843753821,0.24056437544070747,9
1.0,0.4,2,0.4,0.4,0.2,0.6246962659586417,0.011890434444993492,0.22608590920010635,9
1.0,0.4,2,0.4,0.6,0.0,0.5641476718751088,0.00807441256143356,0.1450409939184627,9
1.0,0.4,2,0.6,0.0,0.4,0.5201941363207636,0.01663123649749401,0.3135535482433509,8
1.0,0.4,2,0.6,0.2,0.2,0.6462244623192267,0.007807710083509138,0.15770894123584878,9
1.0,0.4,2,0.6,0.4,0.0,0.5641476718751088,0.00807441256143356,0.1450409939184627,9
1.0,0.4,2,0.8,0.0,0.2,0.528839728890274,0.01687606641927827,0.3212189677699141,9
1.0,0.4,2,0.8,0.2,0.0,0.5641476718751088,0.00807441256143356,0.1450409939184627,9
1.0,0.4,2,1.0,0.0,0.0,0.6333027835729511,0.011561529073130168,0.180969653138301,9
1.0,0.4,3,0.0,0.0,1.0,0.3549300613864725,0.0015156752782277997,0.06017747679384388,6
1.0,0.4,3,0.0,0.2,0.8,0.2449507474015993,0.0028178444978977117,0.16294256618895292,7
1.0,0.4,3,0.0,0.4,0.6,0.2449507474015993,0.0028178444978977117,0.16294256618895292,7
1.0,0.4,3,0.0,0.6,0.4,0.2449507474015993,0.0028178444978977117,0.16294256618895292,7
1.0,0.4,3,0.0,0.8,0.2,0.2449507474015993,0.0028178444978977117,0.16294256618895292,7
1.0,0.4,3,0.0,1.0,0.0,0.3129817096574366,0.0031114353504843985,0.073038239244771,9
1.0,0.4,3,0.2,0.0,0.8,0.3184673484719197,0.003742754687281094,0.1789950068883794,7
1.0,0.4,3,0.2,0.2,0.6,0.3184673484719197,0.0037519046959677525,0.1789950068883794,9
1.0,0.4,3,0.2,0.4,0.4,0.47836989457953727,0.0036730210351898435,0.08387602047279073,7
1.0,0.4,3,0.2,0.6,0.2,0.522196675807638,0.0010125856911405316,0.03083078397318835,7
1.0,0.4,3,0.2,0.8,0.0,0.5776841769829748,0.0011618208901755477,0.032213634412642675,8
1.0,0.4,3,0.4,0.0,0.6,0.6682780974922112,0.0037664159584849693,0.08695181590861815,9
1.0,0.4,3,0.4,0.2,0.4,0.5077933973897811,0.003257144827352663,0.062318394085807846,9
1.0,0.4,3,0.4,0.4,0.2,0.522196675807638,0.0010125856911405316,0.03083078397318835,7
1.0,0.4,3,0.4,0.6,0.0,0.5776841769829748,0.0011618208901755477,0.032213634412642675,8
1.0,0.4,3,0.6,0.0,0.4,0.5947855868616082,0.0010523423288951426,0.04301039791681558,7
1.0,0.4,3,0.6,0.2,0.2,0.64683323774194,0.0016462210946065852,0.04565252428152102,8
1.0,0.4,3,0.6,0.4,0.0,0.5776841769829748,0.0011618208901755477,0.032213634412642675,8
1.0,0.4,3,0.8,0.0,0.2,0.5947855868616082,0.0010523423288951426,0.04301039791681558,7
1.0,0.4,3,0.8,0.2,0.0,0.5776841769829748,0.0011618208901755477,0.032213634412642675,8
1.0,0.4,3,1.0,0.0,0.0,0.5109124635878989,0.0014776032144668376,0.03547496666336024,9
1.0,0.4,4,0.0,0.0,1.0,0.4506518278210226,0.017535953467534414,0.263270415673376,6
1.0,0.4,4,0.0,0.2,0.8,0.5010451166529795,0.02253033068841203,0.356755672657894,7
1.0,0.4,4,0.0,0.4,0.6,0.5010451166529795,0.02253033068841203,0.356755672657894,7
1.0,0.4,4,0.0,0.6,0.4,0.5236609050553681,0.020909288175638717,0.33307880286110453,8
1.0,0.4,4,0.0,0.8,0.2,0.5236609050553681,0.020909288175638717,0.33307880286110453,8
1.0,0.4,4,0.0,1.0,0.0,0.453649086402047,0.022444835992597018,0.35180988340375974,8
1.0,0.4,4,0.2,0.0,0.8,0.4419681932218605,0.02266443813558896,0.36705670230561876,8
1.0,0.4,4,0.2,0.2,0.6,0.5408260720689826,0.022478263363792366,0.35323884864825633,9
1.0,0.4,4,0.2,0.4,0.4,0.4914056957789112,0.022088803314253325,0.3440248990172764,10
1.0,0.4,4,0.2,0.6,0.2,0.4914056957789112,0.022088803314253325,0.3440248990172764,10
1.0,0.4,4,0.2,0.8,0.0,0.6035008902362629,0.021336970124629383,0.32499122475056336,8
1.0,0.4,4,0.4,0.0,0.6,0.7200801674617965,0.01723918899065766,0.2783889718608381,8
1.0,0.4,4,0.4,0.2,0.4,0.621295848334969,0.021485732848057392,0.3355869548850352,10
1.0,0.4,4,0.4,0.4,0.2,0.621295848334969,0.021485732848057392,0.3355869548850352,10
1.0,0.4,4,0.4,0.6,0.0,0.6654609428202646,0.012017026762838645,0.19844148330753977,8
1.0,0.4,4,0.6,0.0,0.4,0.6583944065204607,0.01639261126913317,0.26777476664692595,8
1.0,0.4,4,0.6,0.2,0.2,0.6035008902362629,0.021336970124629383,0.32499122475056336,8
1.0,0.4,4,0.6,0.4,0.0,0.6654609428202646,0.012017026762838645,0.19844148330753977,8
1.0,0.4,4,0.8,0.0,0.2,0.665140691125758,0.010529337895730871,0.17231125731791766,9
1.0,0.4,4,0.8,0.2,0.0,0.6654609428202646,0.012017026762838645,0.19844148330753977,8
1.0,0.4,4,1.0,0.0,0.0,0.6413910332561363,0.007236828734096349,0.12474210133335313,9
1.0,0.4,5,0.0,0.0,1.0,0.3808259036316543,0.012095241144386064,0.25478586928099534,8
1.0,0.4,5,0.0,0.2,0.8,0.6158784937815694,0.012299652370740662,0.29582257676789436,8
1.0,0.4,5,0.0,0.4,0.6,0.6158784937815694,0.012299652370740662,0.29582257676789436,8
1.0,0.4,5,0.0,0.6,0.4,0.6158784937815694,0.012299652370740662,0.29582257676789436,8
1.0,0.4,5,0.0,0.8,0.2,0.6158784937815694,0.012299652370740662,0.29582257676789436,8
1.0,0.4,5,0.0,1.0,0.0,0.7884490721095125,0.017531349329302292,0.3522038838837577,8
1.0,0.4,5,0.2,0.0,0.8,0.6500104867845595,0.016461358626813815,0.4019922676475766,9
1.0,0.4,5,0.2,0.2,0.6,0.7667105679148746,0.015069580484007672,0.3224148721668206,8
1.0,0.4,5,0.2,0.4,0.4,0.6169975529043911,0.01496496121668475,0.37243341598889124,8
1.0,0.4,5,0.2,0.6,0.2,0.7516179305034109,0.014376417406542462,0.3160303154682736,8
1.0,0.4,5,0.2,0.8,0.0,0.7661316862126312,0.008632897352771554,0.1948632016118419,9
1.0,0.4,5,0.4,0.0,0.6,0.684690606385615,0.015204655058828932,0.2984443406029504,10
1.0,0.4,5,0.4,0.2,0.4,0.7900535619932129,0.010203077047470555,0.2056939806674011,9
1.0,0.4,5,0.4,0.4,0.2,0.7900535619932129,0.010203077047470555,0.2056939806674011,9
1.0,0.4,5,0.4,0.6,0.0,0.8204928679938089,0.01147958974492659,0.22677142051805624,8
1.0,0.4,5,0.6,0.0,0.4,0.7900535619932129,0.010203077047470555,0.2056939806674011,9
1.0,0.4,5,0.6,0.2,0.2,0.7877835580364413,0.011295899390198342,0.22359924293184658,8
1.0,0.4,5,0.6,0.4,0.0,0.8204928679938089,0.01147958974492659,0.22677142051805624,8
1.0,0.4,5,0.8,0.0,0.2,0.7780727441547836,0.011050486373393642,0.22359924293184658,8
1.0,0.4,5,0.8,0.2,0.0,0.8204928679938089,0.01147958974492659,0.22677142051805624,8
1.0,0.4,5,1.0,0.0,0.0,0.7780727441547836,0.006907603809719449,0.1462923666232171,8
1.0,0.4,6,0.0,0.0,1.0,0.5577823172232307,0.017554122777729178,0.32229248818154366,10
1.0,0.4,6,0.0,0.2,0.8,0.5577823172232307,0.017554122777729178,0.32229248818154366,10
1.0,0.4,6,0.0,0.4,0.6,0.5577823172232307,0.017554122777729178,0.32229248818154366,10
1.0,0.4,6,0.0,0.6,0.4,0.5577823172232307,0.017554122777729178,0.32229248818154366,10
1.0,0.4,6,0.0,0.8,0.2,0.5577823172232307,0.017554122777729178,0.32229248818154366,10
1.0,0.4,6,0.0,1.0,0.0,0.5585747002887077,0.019215126633348657,0.36531255263472356,10
1.0,0.4,6,0.2,0.0,0.8,0.4588486788174178,0.013321585937439262,0.2709766086009408,10
1.0,0.4,6,0.2,0.2,0.6,0.4306642105043458,0.017727908199651008,0.3219503931433447,9
1.0,0.4,6,0.2,0.4,0.4,0.5653257986820499,0.015698708424451816,0.29812023645414304,8
1.0,0.4,6,0.2,0.6,0.2,0.5920176879584392,0.015652662821148897,0.26369169366404016,9
1.0,0.4,6,0.2,0.8,0.0,0.5471558130930717,0.01420293245150993,0.2505182046304575,9
1.0,0.4,6,0.4,0.0,0.6,0.5753757600149277,0.014625194436604767,0.25453674078883015,9
1.0,0.4,6,0.4,0.2,0.4,0.5191893989492056,0.01737000750252706,0.3433338241649228,9
1.0,0.4,6,0.4,0.4,0.2,0.6896666721997047,0.020078423310411136,0.3692833444074871,10
1.0,0.4,6,0.4,0.6,0.0,0.5795391028370495,0.011170339142046546,0.2220100315426398,9
1.0,0.4,6,0.6,0.0,0.4,0.6035347019376873,0.014509914843619473,0.27736950784038616,10
1.0,0.4,6,0.6,0.2,0.2,0.5980327660518808,0.016087874139426243,0.30857066237351555,9
1.0,0.4,6,0.6,0.4,0.0,0.5454050619396219,0.012064423923557333,0.23994061293203256,9
1.0,0.4,6,0.8,0.0,0.2,0.6161488642315541,0.013626763570750246,0.257971515757994,10
1.0,0.4,6,0.8,0.2,0.0,0.5868880343061375,0.010915291066214665,0.21334169041642462,9
1.0,0.4,6,1.0,0.0,0.0,0.5427207201303057,0.007030134368200564,0.1338094199848825,10
1.0,0.4,7,0.0,0.0,1.0,0.3524021007817195,0.015272005921957136,0.3195870533985262,8
1.0,0.4,7,0.0,0.2,0.8,0.5428222180088663,0.01499324819904142,0.3037036784533353,8
1.0,0.4,7,0.0,0.4,0.6,0.5428222180088663,0.01499324819904142,0.3037036784533353,8
1.0,0.4,7,0.0,0.6,0.4,0.5428222180088663,0.01499324819904142,0.3037036784533353,8
1.0,0.4,7,0.0,0.8,0.2,0.5428222180088663,0.01499324819904142,0.3037036784533353,8
1.0,0.4,7,0.0,1.0,0.0,0.25,0.013286227644704059,0.26969953376946326,4
1.0,0.4,7,0.2,0.0,0.8,0.4794425491681722,0.010743309443943439,0.28828524258605287,10
1.0,0.4,7,0.2,0.2,0.6,0.5149492251684559,0.018192166494568042,0.40303303455273254,7
1.0,0.4,7,0.2,0.4,0.4,0.5149492251684559,0.018192166494568042,0.40303303455273254,7
1.0,0.4,7,0.2,0.6,0.2,0.5513341947990483,0.016624687722277612,0.32601397332367543,7
1.0,0.4,7,0.2,0.8,0.0,0.7012075065479767,0.013763405500183588,0.3050716825982178,8
1.0,0.4,7,0.4,0.0,0.6,0.5896980198659768,0.00906206850438417,0.21367211646261353,7
1.0,0.4,7,0.4,0.2,0.4,0.5513341947990483,0.016624687722277612,0.32601397332367543,7
1.0,0.4,7,0.4,0.4,0.2,0.6707499255516018,0.014820810017684649,0.32420371291683153,7
1.0,0.4,7,0.4,0.6,0.0,0.619692085286318,0.012652370908642812,0.2358768565409035,7
1.0,0.4,7,0.6,0.0,0.4,0.5896980198659768,0.00906206850438417,0.21367211646261353,7
1.0,0.4,7,0.6,0.2,0.2,0.6707499255516018,0.014820810017684649,0.32420371291683153,7
1.0,0.4,7,0.6,0.4,0.0,0.619692085286318,0.012652370908642812,0.2358768565409035,7
1.0,0.4,7,0.8,0.0,0.2,0.619692085286318,0.012652370908642812,0.2358768565409035,7
1.0,0.4,7,0.8,0.2,0.0,0.619692085286318,0.012652370908642812,0.2358768565409035,7
1.0,0.4,7,1.0,0.0,0.0,0.5896980198659768,0.00777542459479626,0.18127717357663364,7
1.0,0.8,0,0.0,0.0,1.0,0.4645561851206697,0.0085187035650464,0.23000855982762655,7
1.0,0.8,0,0.0,0.2,0.8,0.2980038570101039,0.009174340587931339,0.21356823903498495,8
1.0,0.8,0,0.0,0.4,0.6,0.2980038570101039,0.009174340587931339,0.21356823903498495,8
1.0,0.8,0,0.0,0.6,0.4,0.2980038570101039,0.009174340587931339,0.21356823903498495,8
1.0,0.8,0,0.0,0.8,0.2,0.3,0.00968318773504599,0.21196831443574515,8
1.0,0.8,0,0.0,1.0,0.0,0.4423165620337771,0.010413282625213726,0.2046738387248299,8
1.0,0.8,0,0.2,0.0,0.8,0.454501584988673,0.009938036042749916,0.24860842647096124,9
1.0,0.8,0,0.2,0.2,0.6,0.6115464833549404,0.009549960666602802,0.23979295419063046,7
1.0,0.8,0,0.2,0.4,0.4,0.551824608951887,0.007982962490247799,0.21622609226267925,9
1.0,0.8,0,0.2,0.6,0.2,0.6189960300546233,0.008348066556360691,0.20649622274640533,7
1.0,0.8,0,0.2,0.8,0.0,0.65,0.006366585222507951,0.13140757809142314,9
1.0,0.8,0,0.4,0.0,0.6,0.5290019266709667,0.007494355991082331,0.21525525714161903,9
1.0,0.8,0,0.4,0.2,0.4,0.6189960300546233,0.008348066556360691,0.20649622274640533,7
1.0,0.8,0,0.4,0.4,0.2,0.5975315791307448,0.007966939592112216,0.19091686601214264,7
1.0,0.8,0,0.4,0.6,0.0,0.5476880502073007,0.005296932545352983,0.12127772171277147,9
1.0,0.8,0,0.6,0.0,0.4,0.5290019266709667,0.007494355991082331,0.21525525714161903,9
1.0,0.8,0,0.6,0.2,0.2,0.5701553237471271,0.005815838618997952,0.15495927225894712,9
1.0,0.8,0,0.6,0.4,0.0,0.5476880502073007,0.005296932545352983,0.12127772171277147,9
1.0,0.8,0,0.8,0.0,0.2,0.61361693413033,0.005990353774741678,0.16082240323865585,9
1.0,0.8,0,0.8,0.2,0.0,0.5476880502073007,0.005296932545352983,0.12127772171277147,9
1.0,0.8,0,1.0,0.0,0.0,0.61361693413033,0.004159520301174253,0.11136023423450507,9
1.0,0.8,1,0.0,0.0,1.0,0.5864933602033081,0.00625479916560224,0.13702668384193303,7
1.0,0.8,1,0.0,0.2,0.8,0.491762218661919,0.007899663056028282,0.17244739878245824,9
1.0,0.8,1,0.0,0.4,0.6,0.491762218661919,0.007899663056028282,0.17244739878245824,9
1.0,0.8,1,0.0,0.6,0.4,0.491762218661919,0.007899663056028282,0.17244739878245824,9
1.0,0.8,1,0.0,0.8,0.2,0.491762218661919,0.007899663056028282,0.17244739878245824,9
1.0,0.8,1,0.0,1.0,0.0,0.3698451897147135,0.007870421739792306,0.14419575293856846,9
1.0,0.8,1,0.2,0.0,0.8,0.55,0.006965659120016306,0.16476002470111004,8
1.0,0.8,1,0.2,0.2,0.6,0.7059527035757336,0.006847802133826454,0.13650247946698493,7
1.0,0.8,1,0.2,0.4,0.4,0.7059527035757336,0.006847802133826454,0.13650247946698493,7
1.0,0.8,1,0.2,0.6,0.2,0.6237477251923818,0.006849060773623788,0.12729008410629578,8
1.0,0.8,1,0.2,0.8,0.0,0.6237477251923818,0.006849060773623788,0.12729008410629578,8
1.0,0.8,1,0.4,0.0,0.6,0.7025858380045057,0.0067886138219007824,0.12867181924816823,8
1.0,0.8,1,0.4,0.2,0.4,0.6237477251923818,0.006849060773623788,0.12729008410629578,8
1.0,0.8,1,0.4,0.4,0.2,0.6237477251923818,0.006849060773623788,0.12729008410629578,8
1.0,0.8,1,0.4,0.6,0.0,0.6865764029934454,0.005662551760598814,0.11950449250321918,7
1.0,0.8,1,0.6,0.0,0.4,0.664607494427804,0.005516117054813943,0.10536390695970062,8
1.0,0.8,1,0.6,0.2,0.2,0.6237477251923818,0.006849060773623788,0.12729008410629578,8
1.0,0.8,1,0.6,0.4,0.0,0.6865764029934454,0.005662551760598814,0.11950449250321918,7
1.0,0.8,1,0.8,0.0,0.2,0.6347465064625152,0.005329859979099258,0.09644387947152457,7
1.0,0.8,1,0.8,0.2,0.0,0.6865764029934454,0.005662551760598814,0.11950449250321918,7
1.0,0.8,1,1.0,0.0,0.0,0.6390985699209213,0.002114106803867759,0.05089116663101321,8
1.0,0.8,2,0.0,0.0,1.0,0.2825478525314738,0.007916149857219522,0.15512612250935728,6
1.0,0.8,2,0.0,0.2,0.8,0.3811849647292333,0.011640789624330093,0.17631426198213276,9
1.0,0.8,2,0.0,0.4,0.6,0.4482936661655338,0.008990162587987127,0.17880266013153542,10
1.0,0.8,2,0.0,0.6,0.4,0.4482936661655338,0.008990162587987127,0.17880266013153542,10
1.0,0.8,2,0.0,0.8,0.2,0.4720402887404027,0.004809626098691391,0.11410133930050752,9
1.0,0.8,2,0.0,1.0,0.0,0.4867907296343697,0.007192696379941807,0.14233193013026843,9
1.0,0.8,2,0.2,0.0,0.8,0.4386146373481048,0.007870619929022226,0.11491669567543958,8
1.0,0.8,2,0.2,0.2,0.6,0.45277733760204647,0.0066094018808975,0.13211598888711934,8
1.0,0.8,2,0.2,0.4,0.4,0.48773249449139167,0.004928900307353191,0.0937351467658631,9
1.0,0.8,2,0.2,0.6,0.2,0.48773249449139167,0.004928900307353191,0.0937351467658631,9
1.0,0.8,2,0.2,0.8,0.0,0.48773249449139167,0.004928900307353191,0.0937351467658631,9
1.0,0.8,2,0.4,0.0,0.6,0.5100531643083129,0.0044095572597206995,0.07935173033435346,7
1.0,0.8,2,0.4,0.2,0.4,0.5100531643083129,0.0044095572597206995,0.07935173033435346,7
1.0,0.8,2,0.4,0.4,0.2,0.5232567087556314,0.005352911291689784,0.10332842448790414,8
1.0,0.8,2,0.4,0.6,0.0,0.48773249449139167,0.004928900307353191,0.0937351467658631,9
1.0,0.8,2,0.6,0.0,0.4,0.5231694152077649,0.0023222306679552716,0.05758108371368796,8
1.0,0.8,2,0.6,0.2,0.2,0.5232567087556314,0.005352911291689784,0.10332842448790414,8
1.0,0.8,2,0.6,0.4,0.0,0.48773249449139167,0.004928900307353191,0.0937351467658631,9
1.0,0.8,2,0.8,0.0,0.2,0.5231694152077649,0.0023222306679552716,0.05758108371368796,8
1.0,0.8,2,0.8,0.2,0.0,0.48773249449139167,0.004928900307353191,0.0937351467658631,9
1.0,0.8,2,1.0,0.0,0.0,0.4602842631668539,0.0014597636247802388,0.03508805165918667,7
1.0,0.8,3,0.0,0.0,1.0,0.21078683187414782,0.002760098605047868,0.16020597336659534,7
1.0,0.8,3,0.0,0.2,0.8,0.5136406754770628,0.0028358505200267625,0.07906119714651165,9
1.0,0.8,3,0.0,0.4,0.6,0.5136406754770628,0.0028358505200267625,0.07906119714651165,9
1.0,0.8,3,0.0,0.6,0.4,0.5136406754770628,0.0028358505200267625,0.07906119714651165,9
1.0,0.8,3,0.0,0.8,0.2,0.0990369640095648,0.0024829846002420415,0.07188900301768598,7
1.0,0.8,3,0.0,1.0,0.0,0.13786322491508834,0.002333967871984476,0.04617740655131112,9
1.0,0.8,3,0.2,0.0,0.8,0.5427981107568076,0.0017119591920104367,0.05162659726195563,7
1.0,0.8,3,0.2,0.2,0.6,0.5136276620577672,0.001988684451577661,0.04614794111359406,7
1.0,0.8,3,0.2,0.4,0.4,0.5136276620577672,0.001988684451577661,0.04614794111359406,7
1.0,0.8,3,0.2,0.6,0.2,0.5164356715235018,0.001556612341529528,0.0354786784205162,8
1.0,0.8,3,0.2,0.8,0.0,0.5529913671046053,0.0021366646081639007,0.04554881349399478,9
1.0,0.8,3,0.4,0.0,0.6,0.5427981107568076,0.0017119591920104367,0.05162659726195563,7
1.0,0.8,3,0.4,0.2,0.4,0.5164356715235018,0.001556612341529528,0.0354786784205162,8
1.0,0.8,3,0.4,0.4,0.2,0.5164356715235018,0.001556612341529528,0.0354786784205162,8
1.0,0.8,3,0.4,0.6,0.0,0.4737228861723373,0.0016284347369869554,0.034211687388056265,7
1.0,0.8,3,0.6,0.0,0.4,0.5427981107568076,0.0017119591920104367,0.05162659726195563,7
1.0,0.8,3,0.6,0.2,0.2,0.5164356715235018,0.001556612341529528,0.0354786784205162,8
1.0,0.8,3,0.6,0.4,0.0,0.5477943484321053,0.0015866579013786302,0.03574868726551083,7
1.0,0.8,3,0.8,0.0,0.2,0.5427981107568076,0.0017119591920104367,0.05162659726195563,7
1.0,0.8,3,0.8,0.2,0.0,0.5477943484321053,0.0015866579013786302,0.03574868726551083,7
1.0,0.8,3,1.0,0.0,0.0,0.5335442316863237,0.0003464975128262885,0.015858789950466124,6
1.0,0.8,4,0.0,0.0,1.0,0.30607741928708265,0.019863009044839494,0.29043837180362825,8
1.0,0.8,4,0.0,0.2,0.8,0.3758383642063528,0.015988500084852805,0.25928624999700667,7
1.0,0.8,4,0.0,0.4,0.6,0.3758383642063528,0.015988500084852805,0.25928624999700667,7
1.0,0.8,4,0.0,0.6,0.4,0.3758383642063528,0.015988500084852805,0.25928624999700667,7
1.0,0.8,4,0.0,0.8,0.2,0.3758383642063528,0.015988500084852805,0.25928624999700667,7
1.0,0.8,4,0.0,1.0,0.0,0.3034792788560358,0.01766649058439357,0.2734746478111688,8
1.0,0.8,4,0.2,0.0,0.8,0.3349101522738867,0.014241631970405306,0.26342130284697013,7
1.0,0.8,4,0.2,0.2,0.6,0.4281335980950702,0.014610735609997396,0.23843492481809045,7
1.0,0.8,4,0.2,0.4,0.4,0.4723615842945815,0.016445006987071485,0.2783175633925977,9
1.0,0.8,4,0.2,0.6,0.2,0.4677305332644457,0.013101512587559046,0.21837072070028693,9
1.0,0.8,4,0.2,0.8,0.0,0.4281335980950701,0.012155634122499917,0.19950153131896722,5
1.0,0.8,4,0.4,0.0,0.6,0.4875248370234485,0.014631642722779066,0.2205654338752969,8
1.0,0.8,4,0.4,0.2,0.4,0.5993427139258414,0.01339142495391676,0.21588085059604556,6
1.0,0.8,4,0.4,0.4,0.2,0.5993427139258414,0.01339142495391676,0.21588085059604556,6
1.0,0.8,4,0.4,0.6,0.0,0.4281335980950701,0.012155634122499917,0.19950153131896722,5
1.0,0.8,4,0.6,0.0,0.4,0.5781335980950701,0.011497952003035116,0.19726728490227702,9
1.0,0.8,4,0.6,0.2,0.2,0.4640938648157362,0.01424911098230168,0.2188025980256104,10
1.0,0.8,4,0.6,0.4,0.0,0.4281335980950701,0.012155634122499917,0.19950153131896722,5
1.0,0.8,4,0.8,0.0,0.2,0.5781335980950701,0.011497952003035116,0.19726728490227702,9
1.0,0.8,4,0.8,0.2,0.0,0.4281335980950701,0.012155634122499917,0.19950153131896722,5
1.0,0.8,4,1.0,0.0,0.0,0.4968334068667404,0.007147353722103269,0.10288174374666718,8
1.0,0.8,5,0.0,0.0,1.0,0.29692155284513266,0.008291832262451079,0.2293012311370542,8
1.0,0.8,5,0.0,0.2,0.8,0.5537351148538696,0.011365123161781183,0.24279667747507563,8
1.0,0.8,5,0.0,0.4,0.6,0.5537351148538696,0.011365123161781183,0.24279667747507563,8
1.0,0.8,5,0.0,0.6,0.4,0.5537351148538696,0.011365123161781183,0.24279667747507563,8
1.0,0.8,5,0.0,0.8,0.2,0.5161949178167643,0.008313428089256381,0.24015477873235816,7
1.0,0.8,5,0.0,1.0,0.0,0.3644766723695526,0.015101931842109815,0.2567161095411725,8
1.0,0.8,5,0.2,0.0,0.8,0.6320236727341992,0.011112001817513456,0.26887323772659355,9
1.0,0.8,5,0.2,0.2,0.6,0.46416554081731687,0.011051753467798365,0.2938119802629926,7
1.0,0.8,5,0.2,0.4,0.4,0.6038662868687704,0.010915107809869255,0.297097767885964,8
1.0,0.8,5,0.2,0.6,0.2,0.7197926957655815,0.010639556846765711,0.27307915500299246,10
1.0,0.8,5,0.2,0.8,0.0,0.6567539476858076,0.0065436077856586205,0.15969063713299012,8
1.0,0.8,5,0.4,0.0,0.6,0.6186790174754664,0.009981684471475447,0.21243822789217548,8
1.0,0.8,5,0.4,0.2,0.4,0.7197926957655815,0.010639556846765711,0.27307915500299246,10
1.0,0.8,5,0.4,0.4,0.2,0.7028962298118839,0.00813670926414945,0.16428551925699728,8
1.0,0.8,5,0.4,0.6,0.0,0.601210181270874,0.01049782662304652,0.22499202566274157,7
1.0,0.8,5,0.6,0.0,0.4,0.7197926957655815,0.010639556846765711,0.27307915500299246,10
1.0,0.8,5,0.6,0.2,0.2,0.7031300435736546,0.0054702077076336664,0.11075122219506693,9
1.0,0.8,5,0.6,0.4,0.0,0.601210181270874,0.01049782662304652,0.22499202566274157,7
1.0,0.8,5,0.8,0.0,0.2,0.6741625141332297,0.006866089610005672,0.19985659758403185,8
1.0,0.8,5,0.8,0.2,0.0,0.601210181270874,0.01049782662304652,0.22499202566274157,7
1.0,0.8,5,1.0,0.0,0.0,0.6741625141332297,0.005026734706939853,0.14230776178356996,8
1.0,0.8,6,0.0,0.0,1.0,0.4411075890671719,0.008629675654870751,0.15783689692583974,9
1.0,0.8,6,0.0,0.2,0.8,0.46028507386412487,0.008092704386115807,0.1622472196235407,10
1.0,0.8,6,0.0,0.4,0.6,0.46028507386412487,0.008092704386115807,0.1622472196235407,10
1.0,0.8,6,0.0,0.6,0.4,0.46028507386412487,0.008092704386115807,0.1622472196235407,10
1.0,0.8,6,0.0,0.8,0.2,0.46028507386412487,0.008092704386115807,0.1622472196235407,10
1.0,0.8,6,0.0,1.0,0.0,0.4104166045569925,0.008732176928042233,0.15911071625750522,9
1.0,0.8,6,0.2,0.0,0.8,0.426961651828843,0.008167398430887061,0.1669133715474775,9
1.0,0.8,6,0.2,0.2,0.6,0.4258380446413844,0.009002924067175724,0.16831562227082192,9
1.0,0.8,6,0.2,0.4,0.4,0.47873296393338416,0.009786795318689031,0.1875941126699446,9
1.0,0.8,6,0.2,0.6,0.2,0.5707207981118566,0.00926150079219108,0.14715535937030175,10
1.0,0.8,6,0.2,0.8,0.0,0.6364218807598482,0.009138181602096854,0.15653050419572345,10
1.0,0.8,6,0.4,0.0,0.6,0.5395756314240766,0.009914627943250922,0.18101255229171687,9
1.0,0.8,6,0.4,0.2,0.4,0.5389561077769893,0.010947106043546033,0.1707450963296332,8
1.0,0.8,6,0.4,0.4,0.2,0.5389561077769893,0.010947106043546033,0.1707450963296332,8
1.0,0.8,6,0.4,0.6,0.0,0.6364218807598482,0.009138181602096854,0.15653050419572345,10
1.0,0.8,6,0.6,0.0,0.4,0.4987203036248935,0.007047610582437161,0.13583955200938563,8
1.0,0.8,6,0.6,0.2,0.2,0.6364218807598482,0.009138181602096854,0.15653050419572345,10
1.0,0.8,6,0.6,0.4,0.0,0.6364218807598482,0.009138181602096854,0.15653050419572345,10
1.0,0.8,6,0.8,0.0,0.2,0.4987203036248935,0.007047610582437161,0.13583955200938563,8
1.0,0.8,6,0.8,0.2,0.0,0.6364218807598482,0.009138181602096854,0.15653050419572345,10
1.0,0.8,6,1.0,0.0,0.0,0.5283489731753682,0.0035141505377808417,0.07032778349232872,9
1.0,0.8,7,0.0,0.0,1.0,0.26638846793987125,0.006068281081956082,0.1319724342976413,9
1.0,0.8,7,0.0,0.2,0.8,0.41302675778455816,0.01013936589109026,0.19332263991619705,9
1.0,0.8,7,0.0,0.4,0.6,0.41302675778455816,0.01013936589109026,0.19332263991619705,9
1.0,0.8,7,0.0,0.6,0.4,0.41302675778455816,0.01013936589109026,0.19332263991619705,9
1.0,0.8,7,0.0,0.8,0.2,0.41302675778455816,0.01013936589109026,0.19332263991619705,9
1.0,0.8,7,0.0,1.0,0.0,0.3326243097271897,0.010174964197475517,0.15423521746317692,6
1.0,0.8,7,0.2,0.0,0.8,0.2959921138321179,0.00831882226320259,0.18313196287787792,7
1.0,0.8,7,0.2,0.2,0.6,0.4752980409453493,0.006764279565824779,0.12668934335275572,8
1.0,0.8,7,0.2,0.4,0.4,0.5080660040067448,0.00946196612456738,0.1924873586928131,9
1.0,0.8,7,0.2,0.6,0.2,0.5320480836085782,0.010529377608388717,0.17462532302252162,9
1.0,0.8,7,0.2,0.8,0.0,0.5320480836085782,0.010529377608388717,0.17462532302252162,9
1.0,0.8,7,0.4,0.0,0.6,0.4936114655071811,0.006526436350732227,0.12668934335275572,9
1.0,0.8,7,0.4,0.2,0.4,0.5835049578423258,0.007710020910376794,0.1643913613858455,8
1.0,0.8,7,0.4,0.4,0.2,0.5835049578423258,0.007710020910376794,0.1643913613858455,8
1.0,0.8,7,0.4,0.6,0.0,0.5320480836085782,0.010529377608388717,0.17462532302252162,9
1.0,0.8,7,0.6,0.0,0.4,0.4936114655071811,0.006526436350732227,0.12668934335275572,9
1.0,0.8,7,0.6,0.2,0.2,0.5835049578423258,0.007710020910376794,0.1643913613858455,8
1.0,0.8,7,0.6,0.4,0.0,0.5835049578423258,0.007710020910376794,0.1643913613858455,8
1.0,0.8,7,0.8,0.0,0.2,0.4936114655071811,0.006526436350732227,0.12668934335275572,9
1.0,0.8,7,0.8,0.2,0.0,0.5664985631218571,0.008379276374640865,0.1690529374080534,8
1.0,0.8,7,1.0,0.0,0.0,0.4936114655071811,0.004445183377151903,0.08527637431150567,9
2.0,0.1,0,0.0,0.0,1.0,0.7540101587249254,0.028614601822349886,0.6050708766507132,10
2.0,0.1,0,0.0,0.2,0.8,0.85,0.02749112559023943,0.6494018610245589,9
2.0,0.1,0,0.0,0.4,0.6,0.85,0.02749112559023943,0.6494018610245589,9
2.0,0.1,0,0.0,0.6,0.4,0.85,0.02749112559023943,0.6494018610245589,9
2.0,0.1,0,0.0,0.8,0.2,0.95,0.02719015332939853,0.6225846929376473,7
2.0,0.1,0,0.0,1.0,0.0,0.7447632990163453,0.0292692573414358,0.5713358810427667,7
2.0,0.1,0,0.2,0.0,0.8,0.9235230982985221,0.02910727023988741,0.6112892780525931,8
2.0,0.1,0,0.2,0.2,0.6,0.8338048156460808,0.0300303381646404,0.6173105790918312,8
2.0,0.1,0,0.2,0.4,0.4,0.8996223609678563,0.025224935629463163,0.5547961696336946,8
2.0,0.1,0,0.2,0.6,0.2,0.9159116406346918,0.024138664694594126,0.5146130441288523,6
2.0,0.1,0,0.2,0.8,0.0,0.9021553782560106,0.028951487581956193,0.5481327018148358,8
2.0,0.1,0,0.4,0.0,0.6,0.9279653969596331,0.023265096589738576,0.5353202161502674,8
2.0,0.1,0,0.4,0.2,0.4,0.95,0.02798525207036238,0.6307795697834161,8
2.0,0.1,0,0.4,0.4,0.2,0.95,0.02798525207036238,0.6307795697834161,8
2.0,0.1,0,0.4,0.6,0.0,0.9166363424992937,0.02091878181596753,0.46167599071987253,7
2.0,0.1,0,0.6,0.0,0.4,0.9279653969596331,0.023265096589738576,0.5353202161502674,8
2.0,0.1,0,0.6,0.2,0.2,0.95,0.02798525207036238,0.6307795697834161,8
2.0,0.1,0,0.6,0.4,0.0,0.9364204442134321,0.029361342453129408,0.5832143075304776,8
2.0,0.1,0,0.8,0.0,0.2,0.95,0.02745621553610572,0.6254481709149451,8
2.0,0.1,0,0.8,0.2,0.0,0.9496223609678562,0.029360417290484518,0.5668388409199133,7
2.0,0.1,0,1.0,0.0,0.0,0.9,0.013880906373845323,0.3454729337401656,7
2.0,0.1,1,0.0,0.0,1.0,0.6692849329135347,0.03212584537697091,0.5084416758421956,6
2.0,0.1,1,0.0,0.2,0.8,0.85,0.03228242370079534,0.7125774179190953,9
2.0,0.1,1,0.0,0.4,0.6,0.85,0.03228242370079534,0.7125774179190953,9
2.0,0.1,1,0.0,0.6,0.4,0.85,0.03228242370079534,0.7125774179190953,9
2.0,0.1,1,0.0,0.8,0.2,0.85,0.03228242370079534,0.7125774179190953,9
2.0,0.1,1,0.0,1.0,0.0,0.9,0.037012777546586634,0.7023171191410031,8
2.0,0.1,1,0.2,0.0,0.8,0.8914093419675508,0.027345087874792368,0.6229110797454048,9
2.0,0.1,1,0.2,0.2,0.6,0.9453275892619468,0.03305968137033638,0.7223851128375985,9
2.0,0.1,1,0.2,0.4,0.4,0.8780064387765298,0.031208979933630324,0.6366761403581778,7
2.0,0.1,1,0.2,0.6,0.2,0.8780064387765298,0.031208979933630324,0.6366761403581778,7
2.0,0.1,1,0.2,0.8,0.0,0.8780064387765298,0.031208979933630324,0.6366761403581778,7
2.0,0.1,1,0.4,0.0,0.6,0.8748381757663503,0.03298198467219889,0.6674411993825125,8
2.0,0.1,1,0.4,0.2,0.4,0.940089033862532,0.029412321601998987,0.6453868984916973,8
2.0,0.1,1,0.4,0.4,0.2,0.941250251062453,0.036921275416338474,0.6835673415837936,7
2.0,0.1,1,0.4,0.6,0.0,0.8780064387765298,0.031208979933630324,0.6366761403581778,7
2.0,0.1,1,0.6,0.0,0.4,0.916490900420658,0.027464696585873097,0.6191160440707862,6
2.0,0.1,1,0.6,0.2,0.2,0.941250251062453,0.036921275416338474,0.6835673415837936,7
2.0,0.1,1,0.6,0.4,0.0,0.8780064387765298,0.031208979933630324,0.6366761403581778,7
2.0,0.1,1,0.8,0.0,0.2,0.8786112195262621,0.026061555378030527,0.6073800606176363,7
2.0,0.1,1,0.8,0.2,0.0,0.8780064387765298,0.031208979933630324,0.6366761403581778,7
2.0,0.1,1,1.0,0.0,0.0,0.8459658865062466,0.020537472920887406,0.40436844589089865,6
2.0,0.1,2,0.0,0.0,1.0,0.8130979961825479,0.027140749138481496,0.5364901630215265,8
2.0,0.1,2,0.0,0.2,0.8,0.7062040094106486,0.03944262718872345,0.6440564585603117,7
2.0,0.1,2,0.0,0.4,0.6,0.7062040094106486,0.03944262718872345,0.6440564585603117,7
2.0,0.1,2,0.0,0.6,0.4,0.783181330827187,0.03242030170673223,0.5965927568158049,10
2.0,0.1,2,0.0,0.8,0.2,0.8334115741920829,0.041214790753239534,0.684134395036631,9
2.0,0.1,2,0.0,1.0,0.0,0.6709709680306073,0.04241568588792591,0.6698193156327221,9
2.0,0.1,2,0.2,0.0,0.8,0.8012878957301968,0.02631497834763644,0.5650870990744646,9
2.0,0.1,2,0.2,0.2,0.6,0.6455466916464103,0.03805925400141931,0.5969658831340512,9
2.0,0.1,2,0.2,0.4,0.4,0.7705282436074827,0.029108282221200425,0.5295415091810126,8
2.0,0.1,2,0.2,0.6,0.2,0.8695582082932682,0.01826589535514448,0.4299918445061338,8
2.0,0.1,2,0.2,0.8,0.0,0.8294631552317213,0.023115160086455554,0.48151715646853493,7
2.0,0.1,2,0.4,0.0,0.6,0.7657153154600586,0.025374287782298176,0.4843180104740895,8
2.0,0.1,2,0.4,0.2,0.4,0.7170868817135716,0.025907639860583948,0.43945117866167244,7
2.0,0.1,2,0.4,0.4,0.2,0.8695582082932682,0.01826589535514448,0.4299918445061338,8
2.0,0.1,2,0.4,0.6,0.0,0.8090285272874747,0.026601118422948027,0.46149559285709413,8
2.0,0.1,2,0.6,0.0,0.4,0.8124772637166103,0.025516079204275535,0.5379014097790101,9
2.0,0.1,2,0.6,0.2,0.2,0.9,0.021556331293518787,0.4232470772858422,7
2.0,0.1,2,0.6,0.4,0.0,0.8090285272874747,0.026601118422948027,0.46149559285709413,8
2.0,0.1,2,0.8,0.0,0.2,0.8614581382272497,0.020200042996042545,0.422720653397417,6
2.0,0.1,2,0.8,0.2,0.0,0.8090285272874747,0.026601118422948027,0.46149559285709413,8
2.0,0.1,2,1.0,0.0,0.0,0.7816193455567083,0.013574861985344282,0.2994404311099305,7
2.0,0.1,3,0.0,0.0,1.0,0.4687226757547228,0.0062718488668577245,0.19903412867746442,8
2.0,0.1,3,0.0,0.2,0.8,0.45704167907881216,0.007132415787602446,0.37382281507783877,10
2.0,0.1,3,0.0,0.4,0.6,0.45704167907881216,0.007132415787602446,0.37382281507783877,10
2.0,0.1,3,0.0,0.6,0.4,0.3563806652663488,0.009002162891308849,0.3861253278894749,10
2.0,0.1,3,0.0,0.8,0.2,0.3563806652663488,0.009002162891308849,0.3861253278894749,10
2.0,0.1,3,0.0,1.0,0.0,0.5294002246263845,0.006513196385279301,0.19895816539140387,7
2.0,0.1,3,0.2,0.0,0.8,0.6514184267107728,0.006183210806790629,0.1880504163480401,7
2.0,0.1,3,0.2,0.2,0.6,0.7752417331239387,0.006450555359812636,0.2152840049789727,8
2.0,0.1,3,0.2,0.4,0.4,0.7807837159635883,0.007126664981383798,0.22133587139577407,9
2.0,0.1,3,0.2,0.6,0.2,0.687479562417348,0.005189794474015223,0.1487426402666696,7
2.0,0.1,3,0.2,0.8,0.0,0.8,0.002250513043869441,0.0694022475414894,8
2.0,0.1,3,0.4,0.0,0.6,0.7290879062108162,0.0038119105801804284,0.15693064175096144,8
2.0,0.1,3,0.4,0.2,0.4,0.687479562417348,0.005189794474015223,0.1487426402666696,7
2.0,0.1,3,0.4,0.4,0.2,0.75,0.00174447303580621,0.060893092379063395,9
2.0,0.1,3,0.4,0.6,0.0,0.8,0.002250513043869441,0.0694022475414894,8
2.0,0.1,3,0.6,0.0,0.4,0.7822684010332704,0.002630624920264297,0.10958460531058291,9
2.0,0.1,3,0.6,0.2,0.2,0.75,0.00174447303580621,0.060893092379063395,9
2.0,0.1,3,0.6,0.4,0.0,0.7369562873189055,0.0032624138438517715,0.09473750478946849,9
2.0,0.1,3,0.8,0.0,0.2,0.7822684010332704,0.002630624920264297,0.10958460531058291,9
2.0,0.1,3,0.8,0.2,0.0,0.7369562873189055,0.0032624138438517715,0.09473750478946849,9
2.0,0.1,3,1.0,0.0,0.0,0.7570934001768665,0.002240547545095432,0.06401743947413187,7
2.0,0.1,4,0.0,0.0,1.0,0.6727745078054719,0.04065615504698313,0.6504664278330985,9
2.0,0.1,4,0.0,0.2,0.8,0.95,0.03490305655711134,0.5850510412415265,7
2.0,0.1,4,0.0,0.4,0.6,0.95,0.03490305655711134,0.5850510412415265,7
2.0,0.1,4,0.0,0.6,0.4,0.7435806456697805,0.036569088875723875,0.5952192002835602,9
2.0,0.1,4,0.0,0.8,0.2,0.95,0.03490305655711134,0.5850510412415265,7
2.0,0.1,4,0.0,1.0,0.0,0.5,0.035321063535021235,0.5545819602551587,7
2.0,0.1,4,0.2,0.0,0.8,0.7559802438262894,0.0252009166598075,0.4478623504089737,8
2.0,0.1,4,0.2,0.2,0.6,0.8972075709154779,0.029899761889963097,0.4837746136450753,7
2.0,0.1,4,0.2,0.4,0.4,0.783003444151333,0.03726307791982838,0.575651386122898,7
2.0,0.1,4,0.2,0.6,0.2,0.9,0.03383374755003172,0.5439457923225748,9
2.0,0.1,4,0.2,0.8,0.0,0.882719597101895,0.02451952181820158,0.46690812489422473,6
2.0,0.1,4,0.4,0.0,0.6,0.7924182316615423,0.03805308101148704,0.6214171097822893,9
2.0,0.1,4,0.4,0.2,0.4,0.9117505489768399,0.030852609024874075,0.49387767890161743,7
2.0,0.1,4,0.4,0.4,0.2,0.9,0.03383374755003172,0.5439457923225748,9
2.0,0.1,4,0.4,0.6,0.0,0.882719597101895,0.02451952181820158,0.46690812489422473,6
2.0,0.1,4,0.6,0.0,0.4,0.9117505489768399,0.030852609024874075,0.49387767890161743,7
2.0,0.1,4,0.6,0.2,0.2,0.863863346132699,0.036624973175312665,0.5572834625872509,8
2.0,0.1,4,0.6,0.4,0.0,0.882719597101895,0.02451952181820158,0.46690812489422473,6
2.0,0.1,4,0.8,0.0,0.2,0.7981295737894772,0.020466959063612455,0.34745834634527756,6
2.0,0.1,4,0.8,0.2,0.0,0.95,0.02825627331787299,0.45317603912963006,8
2.0,0.1,4,1.0,0.0,0.0,0.95,0.015416455504800019,0.27156434740514307,7
2.0,0.1,5,0.0,0.0,1.0,0.85,0.01926601850314877,0.559886046754679,9
2.0,0.1,5,0.0,0.2,0.8,0.6654654946103562,0.015098287739572936,0.504576125469247,9
2.0,0.1,5,0.0,0.4,0.6,0.6654654946103562,0.015098287739572936,0.504576125469247,9
2.0,0.1,5,0.0,0.6,0.4,0.7203614045882363,0.029426265821581043,0.6569944918563129,8
2.0,0.1,5,0.0,0.8,0.2,0.7308123055539174,0.027984533282599,0.6225389932751519,9
2.0,0.1,5,0.0,1.0,0.0,0.5394672876202288,0.029045381455525286,0.5244023624793619,8
2.0,0.1,5,0.2,0.0,0.8,0.8226227115989961,0.02315887918998035,0.5870811183868141,7
2.0,0.1,5,0.2,0.2,0.6,0.8800687208102944,0.02347977869035402,0.6168141440567695,7
2.0,0.1,5,0.2,0.4,0.4,0.8808123055539174,0.029634714472101666,0.6363666488082305,8
2.0,0.1,5,0.2,0.6,0.2,0.8810401863336296,0.024735238716595345,0.49932102917550186,7
2.0,0.1,5,0.2,0.8,0.0,0.9555352343138244,0.01798750269222055,0.46851440266358174,8
2.0,0.1,5,0.4,0.0,0.6,0.932239136422566,0.02886036202849592,0.6275666904744931,8
2.0,0.1,5,0.4,0.2,0.4,0.8800687208102944,0.02083863333267897,0.6209578433559405,8
2.0,0.1,5,0.4,0.4,0.2,0.8800687208102944,0.02083863333267897,0.6209578433559405,8
2.0,0.1,5,0.4,0.6,0.0,0.9555352343138244,0.01798750269222055,0.46851440266358174,8
2.0,0.1,5,0.6,0.0,0.4,0.9800687208102944,0.023783830476533242,0.6292240359820123,6
2.0,0.1,5,0.6,0.2,0.2,0.9300687208102943,0.01774012882787134,0.5149646194024178,8
2.0,0.1,5,0.6,0.4,0.0,0.9555352343138244,0.01798750269222055,0.46851440266358174,8
2.0,0.1,5,0.8,0.0,0.2,0.9495228003998498,0.015088285358615063,0.39399589531325885,7
2.0,0.1,5,0.8,0.2,0.0,0.9555352343138244,0.01798750269222055,0.46851440266358174,8
2.0,0.1,5,1.0,0.0,0.0,0.9,0.009217910527366771,0.22364561444409622,8
2.0,0.1,6,0.0,0.0,1.0,0.5941054843015012,0.02684939653735003,0.5599579609374482,8
2.0,0.1,6,0.0,0.2,0.8,0.5131066284673266,0.030172143089266478,0.5652198107393661,10
2.0,0.1,6,0.0,0.4,0.6,0.5131066284673266,0.030172143089266478,0.5652198107393661,10
2.0,0.1,6,0.0,0.6,0.4,0.5131066284673266,0.030172143089266478,0.5652198107393661,10
2.0,0.1,6,0.0,0.8,0.2,0.65476389633902,0.03279090772224606,0.6259736771723526,9
2.0,0.1,6,0.0,1.0,0.0,0.5566773280524676,0.029929315184665805,0.5206952647526452,9
2.0,0.1,6,0.2,0.0,0.8,0.7436306185874996,0.028067713715398276,0.552509958785812,9
2.0,0.1,6,0.2,0.2,0.6,0.6181323038315787,0.028502160599593967,0.5702620941843485,8
2.0,0.1,6,0.2,0.4,0.4,0.734822927761102,0.0359387996662312,0.6303942087931255,10
2.0,0.1,6,0.2,0.6,0.2,0.570631832282845,0.027277970885441424,0.5168173120557346,9
2.0,0.1,6,0.2,0.8,0.0,0.766569342788071,0.026657460614757704,0.5298028362614886,10
2.0,0.1,6,0.4,0.0,0.6,0.6901574539314547,0.028954716806656407,0.5331111110843605,10
2.0,0.1,6,0.4,0.2,0.4,0.6658018248234484,0.02713672390658131,0.5311894094354723,10
2.0,0.1,6,0.4,0.4,0.2,0.6918826392224411,0.024897531121851377,0.48447287959671165,6
2.0,0.1,6,0.4,0.6,0.0,0.672771100040948,0.020567394905718753,0.41258141085202205,10
2.0,0.1,6,0.6,0.0,0.4,0.7499180887943657,0.02798679024326587,0.5557412287900722,9
2.0,0.1,6,0.6,0.2,0.2,0.6816128374310089,0.02354271663288737,0.44877430549395714,9
2.0,0.1,6,0.6,0.4,0.0,0.672771100040948,0.020567394905718753,0.41258141085202205,10
2.0,0.1,6,0.8,0.0,0.2,0.7411794253562041,0.029104657614460742,0.5321652463878533,8
2.0,0.1,6,0.8,0.2,0.0,0.6921300373689869,0.022553125041023806,0.4273843766466759,9
2.0,0.1,6,1.0,0.0,0.0,0.7,0.011926741749366174,0.2267616049131859,8
2.0,0.1,7,0.0,0.0,1.0,0.6802486257415494,0.02661941785326532,0.555256846223566,8
2.0,0.1,7,0.0,0.2,0.8,0.6970421852446597,0.028215791709691317,0.5335093060962592,8
2.0,0.1,7,0.0,0.4,0.6,0.6970421852446597,0.028215791709691317,0.5335093060962592,8
2.0,0.1,7,0.0,0.6,0.4,0.7604539625042197,0.03018492916530234,0.5637761762960619,8
2.0,0.1,7,0.0,0.8,0.2,0.7604539625042197,0.03018492916530234,0.5637761762960619,8
2.0,0.1,7,0.0,1.0,0.0,0.7701018364122809,0.031213148283211777,0.5629257128417882,7
2.0,0.1,7,0.2,0.0,0.8,0.7360330706121145,0.029995442210038612,0.5713655251823585,9
2.0,0.1,7,0.2,0.2,0.6,0.8020629554035817,0.03191530208393128,0.5375991767218369,6
2.0,0.1,7,0.2,0.4,0.4,0.7007204203415385,0.02713230832267774,0.5075564432347485,7
2.0,0.1,7,0.2,0.6,0.2,0.9413714052853032,0.0321960824325282,0.5870130825595884,7
2.0,0.1,7,0.2,0.8,0.0,0.7998575211317988,0.02537392408245486,0.4385709321193325,7
2.0,0.1,7,0.4,0.0,0.6,0.6506904722358928,0.02473811884242834,0.5361144313366781,7
2.0,0.1,7,0.4,0.2,0.4,0.7538173006199536,0.028905954428854654,0.5650541105633808,7
2.0,0.1,7,0.4,0.4,0.2,0.9413714052853032,0.0321960824325282,0.5870130825595884,7
2.0,0.1,7,0.4,0.6,0.0,0.7998575211317988,0.02537392408245486,0.4385709321193325,7
2.0,0.1,7,0.6,0.0,0.4,0.75,0.02700094670918169,0.5867196700304367,7
2.0,0.1,7,0.6,0.2,0.2,0.8814576671074248,0.024986447637650615,0.467530707012397,7
2.0,0.1,7,0.6,0.4,0.0,0.8083421159692284,0.021870241728810788,0.48642752525032007,7
2.0,0.1,7,0.8,0.0,0.2,0.778060194008667,0.020064050968859073,0.3924969033821323,7
2.0,0.1,7,0.8,0.2,0.0,0.8338011910318301,0.022696557140322884,0.4394809535593794,7
2.0,0.1,7,1.0,0.0,0.0,0.7710138818095167,0.017609839205348084,0.3463417526196278,7
2.0,0.4,0,0.0,0.0,1.0,0.7875929032912246,0.015023181299322267,0.3964769022662576,9
2.0,0.4,0,0.0,0.2,0.8,0.85,0.018980130066960952,0.4389744059439064,7
2.0,0.4,0,0.0,0.4,0.6,0.85,0.018980130066960952,0.4389744059439064,7
2.0,0.4,0,0.0,0.6,0.4,0.85,0.018980130066960952,0.4389744059439064,7
2.0,0.4,0,0.0,0.8,0.2,0.85,0.018980130066960952,0.4389744059439064,7
2.0,0.4,0,0.0,1.0,0.0,0.7,0.024364358763378887,0.4506382185952859,8
2.0,0.4,0,0.2,0.0,0.8,0.7935185320918704,0.017810359083261035,0.40867312118570365,8
2.0,0.4,0,0.2,0.2,0.6,0.85,0.018980130066960952,0.4389744059439064,7
2.0,0.4,0,0.2,0.4,0.4,0.8496223609678563,0.020678551243644733,0.4324724149084626,7
2.0,0.4,0,0.2,0.6,0.2,0.7952819881677221,0.015908074887606562,0.36180670644311,8
2.0,0.4,0,0.2,0.8,0.0,0.7967094927149586,0.01796301406828309,0.36231344534371407,7
2.0,0.4,0,0.4,0.0,0.6,0.8176994059173447,0.01516240986593126,0.34781661486728055,7
2.0,0.4,0,0.4,0.2,0.4,0.8420561820678237,0.020265893536463575,0.4096329887118051,7
2.0,0.4,0,0.4,0.4,0.2,0.8,0.018109055600404544,0.4348945721011024,7
2.0,0.4,0,0.4,0.6,0.0,0.7967094927149586,0.01796301406828309,0.36231344534371407,7
2.0,0.4,0,0.6,0.0,0.4,0.8256334878670579,0.014116559760782134,0.3488486860177395,6
2.0,0.4,0,0.6,0.2,0.2,0.8062929549392458,0.013804617492996905,0.37351208271871417,6
2.0,0.4,0,0.6,0.4,0.0,0.8,0.013379465288460506,0.2882147813515134,7
2.0,0.4,0,0.8,0.0,0.2,0.8328893993111415,0.015397893676320367,0.3551362477629482,7
2.0,0.4,0,0.8,0.2,0.0,0.8,0.013379465288460506,0.2882147813515134,7
2.0,0.4,0,1.0,0.0,0.0,0.8374948260493732,0.011915660979858578,0.2721872886452443,7
2.0,0.4,1,0.0,0.0,1.0,0.7920738878133228,0.017796531837258895,0.3044693808004495,7
2.0,0.4,1,0.0,0.2,0.8,0.839936635288001,0.01899332665893737,0.328524107975414,7
2.0,0.4,1,0.0,0.4,0.6,0.839936635288001,0.01899332665893737,0.328524107975414,7
2.0,0.4,1,0.0,0.6,0.4,0.839936635288001,0.01899332665893737,0.328524107975414,7
2.0,0.4,1,0.0,0.8,0.2,0.839936635288001,0.01899332665893737,0.328524107975414,7
2.0,0.4,1,0.0,1.0,0.0,0.6506800828936302,0.016649563071625482,0.31134443085294744,8
2.0,0.4,1,0.2,0.0,0.8,0.7867674317339303,0.018286335386748117,0.32692288790532464,6
2.0,0.4,1,0.2,0.2,0.6,0.7992866673218804,0.015763945813377398,0.2970832795609693,6
2.0,0.4,1,0.2,0.4,0.4,0.7992866673218804,0.015763945813377398,0.2970832795609693,6
2.0,0.4,1,0.2,0.6,0.2,0.730878757858258,0.016035593353623732,0.332117794004245,9
2.0,0.4,1,0.2,0.8,0.0,0.7983678690296053,0.012189909642506463,0.25530996118245874,8
2.0,0.4,1,0.4,0.0,0.6,0.82932096028408,0.01341254881767226,0.2987341987906394,6
2.0,0.4,1,0.4,0.2,0.4,0.82932096028408,0.01341254881767226,0.2987341987906394,6
2.0,0.4,1,0.4,0.4,0.2,0.82932096028408,0.01341254881767226,0.2987341987906394,6
2.0,0.4,1,0.4,0.6,0.0,0.7983678690296053,0.012189909642506463,0.25530996118245874,8
2.0,0.4,1,0.6,0.0,0.4,0.75,0.016694409892004828,0.273747028088834,8
2.0,0.4,1,0.6,0.2,0.2,0.7992866673218804,0.015763945813377398,0.2970832795609693,6
2.0,0.4,1,0.6,0.4,0.0,0.7983678690296053,0.012189909642506463,0.25530996118245874,8
2.0,0.4,1,0.8,0.0,0.2,0.7564057549285492,0.014476473465320194,0.25395303163509425,6
2.0,0.4,1,0.8,0.2,0.0,0.7983678690296053,0.012189909642506463,0.25530996118245874,8
2.0,0.4,1,1.0,0.0,0.0,0.7284384938859213,0.008248666873941574,0.18289804165284365,5
2.0,0.4,2,0.0,0.0,1.0,0.7389572817721616,0.015782955163432737,0.3846472316661374,8
2.0,0.4,2,0.0,0.2,0.8,0.7389572817721616,0.015782955163432737,0.3846472316661374,8
2.0,0.4,2,0.0,0.4,0.6,0.7389572817721616,0.015782955163432737,0.3846472316661374,8
2.0,0.4,2,0.0,0.6,0.4,0.7389572817721616,0.015782955163432737,0.3846472316661374,8
2.0,0.4,2,0.0,0.8,0.2,0.7389572817721616,0.015782955163432737,0.3846472316661374,8
2.0,0.4,2,0.0,1.0,0.0,0.5329700628620792,0.01498097332511709,0.2859301225203018,8
2.0,0.4,2,0.2,0.0,0.8,0.6398605859558416,0.01601411389532489,0.39879863398633153,6
2.0,0.4,2,0.2,0.2,0.6,0.704126499258798,0.014930505023463493,0.373128855961248,8
2.0,0.4,2,0.2,0.4,0.4,0.704126499258798,0.014930505023463493,0.373128855961248,8
2.0,0.4,2,0.2,0.6,0.2,0.7038493906586399,0.019120707403747345,0.3785843241979544,8
2.0,0.4,2,0.2,0.8,0.0,0.6735402617876776,0.01471330426418312,0.3410183644612147,8
2.0,0.4,2,0.4,0.0,0.6,0.704126499258798,0.014930505023463493,0.373128855961248,8
2.0,0.4,2,0.4,0.2,0.4,0.7038493906586399,0.019120707403747345,0.3785843241979544,8
2.0,0.4,2,0.4,0.4,0.2,0.8765398170289815,0.02760110597684575,0.44172282106960653,8
2.0,0.4,2,0.4,0.6,0.0,0.6967440604999571,0.010245144109771705,0.24802653151645243,6
2.0,0.4,2,0.6,0.0,0.4,0.704126499258798,0.014930505023463493,0.373128855961248,8
2.0,0.4,2,0.6,0.2,0.2,0.704126499258798,0.014930505023463493,0.373128855961248,8
2.0,0.4,2,0.6,0.4,0.0,0.8572794948692637,0.023674989480588687,0.3779331630677653,8
2.0,0.4,2,0.8,0.0,0.2,0.704126499258798,0.014930505023463493,0.373128855961248,8
2.0,0.4,2,0.8,0.2,0.0,0.8295550941133241,0.025890611822010072,0.42130427531531456,8
2.0,0.4,2,1.0,0.0,0.0,0.8427490767197808,0.009232530157680113,0.20678962329348263,9
2.0,0.4,3,0.0,0.0,1.0,0.3578612032451147,0.0027622027077831026,0.11199436979735795,9
2.0,0.4,3,0.0,0.2,0.8,0.428972277190106,0.006658288979446717,0.3482131719932543,6
2.0,0.4,3,0.0,0.4,0.6,0.428972277190106,0.006658288979446717,0.3482131719932543,6
2.0,0.4,3,0.0,0.6,0.4,0.428972277190106,0.006658288979446717,0.3482131719932543,6
2.0,0.4,3,0.0,0.8,0.2,0.428972277190106,0.006658288979446717,0.3482131719932543,6
2.0,0.4,3,0.0,1.0,0.0,0.6676007041010846,0.007556498079371698,0.13791765045893595,8
2.0,0.4,3,0.2,0.0,0.8,0.5257650231986946,0.0071390065152194615,0.34243796075364275,8
2.0,0.4,3,0.2,0.2,0.6,0.45941709428999766,0.005024147051966717,0.3104786943933032,6
2.0,0.4,3,0.2,0.4,0.4,0.45941709428999766,0.005024147051966717,0.3104786943933032,6
2.0,0.4,3,0.2,0.6,0.2,0.75,0.0020368638845734716,0.07621306746102113,7
2.0,0.4,3,0.2,0.8,0.0,0.7088215254454572,0.0019460709130813894,0.08500662201304915,8
2.0,0.4,3,0.4,0.0,0.6,0.5971870321628918,0.001258881556830485,0.05882332695728586,7
2.0,0.4,3,0.4,0.2,0.4,0.6772762115778935,0.0020562561120760314,0.0521074632017762,10
2.0,0.4,3,0.4,0.4,0.2,0.6772762115778935,0.0020562561120760314,0.0521074632017762,10
2.0,0.4,3,0.4,0.6,0.0,0.7088215254454572,0.0019460709130813894,0.08500662201304915,8
2.0,0.4,3,0.6,0.0,0.4,0.5971870321628918,0.001258881556830485,0.05882332695728586,7
2.0,0.4,3,0.6,0.2,0.2,0.6772762115778935,0.0020562561120760314,0.0521074632017762,10
2.0,0.4,3,0.6,0.4,0.0,0.7088215254454572,0.0019460709130813894,0.08500662201304915,8
2.0,0.4,3,0.8,0.0,0.2,0.7208658829259345,0.0019927400312184443,0.07040322485525577,6
2.0,0.4,3,0.8,0.2,0.0,0.7088215254454572,0.0019460709130813894,0.08500662201304915,8
2.0,0.4,3,1.0,0.0,0.0,0.6351539687381546,0.0012523369890602859,0.05463962191992865,7
2.0,0.4,4,0.0,0.0,1.0,0.24847631841756385,0.024536279153573544,0.39368865997666386,6
2.0,0.4,4,0.0,0.2,0.8,0.5675633189398775,0.02827299071058522,0.4507054373713059,8
2.0,0.4,4,0.0,0.4,0.6,0.5675633189398775,0.02827299071058522,0.4507054373713059,8
2.0,0.4,4,0.0,0.6,0.4,0.378202359062441,0.02583363930231443,0.4060219506098312,6
2.0,0.4,4,0.0,0.8,0.2,0.378202359062441,0.02583363930231443,0.4060219506098312,6
2.0,0.4,4,0.0,1.0,0.0,0.378202359062441,0.02583363930231443,0.4060219506098312,6
2.0,0.4,4,0.2,0.0,0.8,0.7126111258934208,0.029404790774239423,0.4989342376493776,8
2.0,0.4,4,0.2,0.2,0.6,0.6804459308984759,0.03244770147892654,0.5048860411165264,10
2.0,0.4,4,0.2,0.4,0.4,0.6804459308984759,0.03244770147892654,0.5048860411165264,10
2.0,0.4,4,0.2,0.6,0.2,0.6804459308984759,0.03244770147892654,0.5048860411165264,10
2.0,0.4,4,0.2,0.8,0.0,0.9460701141272982,0.03298488047959905,0.5310367122583124,8
2.0,0.4,4,0.4,0.0,0.6,0.7126111258934208,0.029404790774239423,0.4989342376493776,8
2.0,0.4,4,0.4,0.2,0.4,0.6959880582305052,0.029335717861335764,0.497779923024533,8
2.0,0.4,4,0.4,0.4,0.2,0.7126111258934208,0.029404790774239423,0.4989342376493776,8
2.0,0.4,4,0.4,0.6,0.0,0.85,0.035558295665067935,0.5146842173412137,8
2.0,0.4,4,0.6,0.0,0.4,0.7126111258934208,0.029404790774239423,0.4989342376493776,8
2.0,0.4,4,0.6,0.2,0.2,0.8216598795035414,0.019709799574290164,0.3523330636960624,8
2.0,0.4,4,0.6,0.4,0.0,0.85,0.035558295665067935,0.5146842173412137,8
2.0,0.4,4,0.8,0.0,0.2,0.7958840504927499,0.019991758208984068,0.2942696149489501,9
2.0,0.4,4,0.8,0.2,0.0,0.95,0.019964004102114845,0.3309252620033531,8
2.0,0.4,4,1.0,0.0,0.0,0.8232167472493009,0.010335519276936184,0.17734939795813418,8
2.0,0.4,5,0.0,0.0,1.0,0.833541596196142,0.022753172729833893,0.47187479003834343,8
2.0,0.4,5,0.0,0.2,0.8,0.9114414963491498,0.02004199964994519,0.5197924167901304,8
2.0,0.4,5,0.0,0.4,0.6,0.9114414963491498,0.02004199964994519,0.5197924167901304,8
2.0,0.4,5,0.0,0.6,0.4,0.9114414963491498,0.02004199964994519,0.5197924167901304,8
2.0,0.4,5,0.0,0.8,0.2,0.6415533885151561,0.02524951831530764,0.5428221244066342,8
2.0,0.4,5,0.0,1.0,0.0,0.7563574770603595,0.03363814435091942,0.5979565488234706,10
2.0,0.4,5,0.2,0.0,0.8,0.7981529511049127,0.019652393534724828,0.5363334700458896,9
2.0,0.4,5,0.2,0.2,0.6,0.789585391531163,0.021197695164881424,0.518296609439791,9
2.0,0.4,5,0.2,0.4,0.4,0.789585391531163,0.023260395185322528,0.5195010190910885,9
2.0,0.4,5,0.2,0.6,0.2,0.8800687208102944,0.022735922509249756,0.5807685265481934,8
2.0,0.4,5,0.2,0.8,0.0,0.9109668364737723,0.015330900207923817,0.4298869627811465,6
2.0,0.4,5,0.4,0.0,0.6,0.8675028914238619,0.017989897197185332,0.3727450114381585,7
2.0,0.4,5,0.4,0.2,0.4,0.8800687208102944,0.022735922509249756,0.5807685265481934,8
2.0,0.4,5,0.4,0.4,0.2,0.8822535306482754,0.019565506782211098,0.4231071805182863,8
2.0,0.4,5,0.4,0.6,0.0,0.9109668364737723,0.015330900207923817,0.4298869627811465,6
2.0,0.4,5,0.6,0.0,0.4,0.8945482686711185,0.01621743894189667,0.34215241972856725,6
2.0,0.4,5,0.6,0.2,0.2,0.8935769937263167,0.02429022770756463,0.4668478185179553,7
2.0,0.4,5,0.6,0.4,0.0,0.9122674875749486,0.014373535127313247,0.400909698004403,7
2.0,0.4,5,0.8,0.0,0.2,0.9268813065098305,0.019591768214805537,0.4254528195812977,6
2.0,0.4,5,0.8,0.2,0.0,0.9122674875749486,0.014373535127313247,0.400909698004403,7
2.0,0.4,5,1.0,0.0,0.0,0.9217174389752739,0.012798824985803784,0.2603827394604164,6
2.0,0.4,6,0.0,0.0,1.0,0.6399715357864986,0.02237982242629031,0.424314036415929,8
2.0,0.4,6,0.0,0.2,0.8,0.6234331576655858,0.02168925279371163,0.42382840565255403,9
2.0,0.4,6,0.0,0.4,0.6,0.6234331576655858,0.02168925279371163,0.42382840565255403,9
2.0,0.4,6,0.0,0.6,0.4,0.5193600247749776,0.020459379627502536,0.3970322705913648,9
2.0,0.4,6,0.0,0.8,0.2,0.612037243321769,0.022413632347591694,0.41758804899159835,9
2.0,0.4,6,0.0,1.0,0.0,0.5142750181474101,0.020603134446331512,0.36178874269008504,9
2.0,0.4,6,0.2,0.0,0.8,0.6882618509064834,0.0187292194683109,0.40467141402601087,8
2.0,0.4,6,0.2,0.2,0.6,0.7286201129411173,0.02412284905509713,0.4371645997995714,9
2.0,0.4,6,0.2,0.4,0.4,0.6963899218863545,0.024700575906041914,0.44030518273250185,9
2.0,0.4,6,0.2,0.6,0.2,0.6718301512927047,0.02197845818682568,0.4013323717748089,7
2.0,0.4,6,0.2,0.8,0.0,0.7415853821352025,0.020404418844912914,0.39371516987731403,9
2.0,0.4,6,0.4,0.0,0.6,0.75,0.021896831458492045,0.40956602935624414,7
2.0,0.4,6,0.4,0.2,0.4,0.8417509092513813,0.022852612769562273,0.45255073847345295,9
2.0,0.4,6,0.4,0.4,0.2,0.6718301512927047,0.02197845818682568,0.4013323717748089,7
2.0,0.4,6,0.4,0.6,0.0,0.7690333237053262,0.01850781125381498,0.37109601971408135,10
2.0,0.4,6,0.6,0.0,0.4,0.754913872938457,0.02182704012174501,0.4002356218684913,9
2.0,0.4,6,0.6,0.2,0.2,0.6601919418072228,0.01945301698616437,0.361998425831415,6
2.0,0.4,6,0.6,0.4,0.0,0.7690333237053262,0.01850781125381498,0.37109601971408135,10
2.0,0.4,6,0.8,0.0,0.2,0.7690333237053262,0.01850781125381498,0.37109601971408135,10
2.0,0.4,6,0.8,0.2,0.0,0.7690333237053262,0.01850781125381498,0.37109601971408135,10
2.0,0.4,6,1.0,0.0,0.0,0.7013067612443871,0.010744216296640343,0.20429289167582299,10
2.0,0.4,7,0.0,0.0,1.0,0.5564036785285793,0.020133663398380592,0.38627788518964057,7
2.0,0.4,7,0.0,0.2,0.8,0.5500488000310682,0.01865556070492829,0.39196256430255205,6
2.0,0.4,7,0.0,0.4,0.6,0.5500488000310682,0.01865556070492829,0.39196256430255205,6
2.0,0.4,7,0.0,0.6,0.4,0.5500488000310682,0.01865556070492829,0.39196256430255205,6
2.0,0.4,7,0.0,0.8,0.2,0.5500488000310682,0.01865556070492829,0.39196256430255205,6
2.0,0.4,7,0.0,1.0,0.0,0.6472901249332575,0.020398809445498937,0.433206392774917,6
2.0,0.4,7,0.2,0.0,0.8,0.565996383185549,0.017118339779349772,0.38144351441319346,5
2.0,0.4,7,0.2,0.2,0.6,0.7163436470368575,0.020110022594445345,0.40467177153886225,8
2.0,0.4,7,0.2,0.4,0.4,0.7326211508366074,0.022616015377280824,0.45855284417710235,6
2.0,0.4,7,0.2,0.6,0.2,0.6472901249332575,0.020398809445498937,0.433206392774917,6
2.0,0.4,7,0.2,0.8,0.0,0.705804685029918,0.012327525525445375,0.31895181714523735,7
2.0,0.4,7,0.4,0.0,0.6,0.7326211508366074,0.022616015377280824,0.45855284417710235,6
2.0,0.4,7,0.4,0.2,0.4,0.6472901249332575,0.020398809445498937,0.433206392774917,6
2.0,0.4,7,0.4,0.4,0.2,0.6472901249332575,0.020398809445498937,0.433206392774917,6
2.0,0.4,7,0.4,0.6,0.0,0.705804685029918,0.012327525525445375,0.31895181714523735,7
2.0,0.4,7,0.6,0.0,0.4,0.705804685029918,0.012327525525445375,0.31895181714523735,7
2.0,0.4,7,0.6,0.2,0.2,0.705804685029918,0.012327525525445375,0.31895181714523735,7
2.0,0.4,7,0.6,0.4,0.0,0.705804685029918,0.012327525525445375,0.31895181714523735,7
2.0,0.4,7,0.8,0.0,0.2,0.705804685029918,0.012327525525445375,0.31895181714523735,7
2.0,0.4,7,0.8,0.2,0.0,0.705804685029918,0.012327525525445375,0.31895181714523735,7
2.0,0.4,7,1.0,0.0,0.0,0.705804685029918,0.010467270087454647,0.2685040152332122,7
2.0,0.8,0,0.0,0.0,1.0,0.3453209794978848,0.007340933696856894,0.19031061022948742,6
2.0,0.8,0,0.0,0.2,0.8,0.459188403572928,0.010513419406485282,0.23426837740444567,8
2.0,0.8,0,0.0,0.4,0.6,0.459188403572928,0.010513419406485282,0.23426837740444567,8
2.0,0.8,0,0.0,0.6,0.4,0.459188403572928,0.010513419406485282,0.23426837740444567,8
2.0,0.8,0,0.0,0.8,0.2,0.459188403572928,0.010513419406485282,0.23426837740444567,8
2.0,0.8,0,0.0,1.0,0.0,0.6,0.013872614298570824,0.2631778251855921,8
2.0,0.8,0,0.2,0.0,0.8,0.5334686115033657,0.009008007325547707,0.21394704126814465,9
2.0,0.8,0,0.2,0.2,0.6,0.8,0.011085849246659495,0.2717102523438769,7
2.0,0.8,0,0.2,0.4,0.4,0.8,0.011085849246659495,0.2717102523438769,7
2.0,0.8,0,0.2,0.6,0.2,0.8,0.011085849246659495,0.2717102523438769,7
2.0,0.8,0,0.2,0.8,0.0,0.7,0.005907515539573173,0.13221520815627152,10
2.0,0.8,0,0.4,0.0,0.6,0.6147630661300718,0.00815974133266946,0.17783150337594633,8
2.0,0.8,0,0.4,0.2,0.4,0.8,0.011085849246659495,0.2717102523438769,7
2.0,0.8,0,0.4,0.4,0.2,0.8,0.011085849246659495,0.2717102523438769,7
2.0,0.8,0,0.4,0.6,0.0,0.7,0.005907515539573173,0.13221520815627152,10
2.0,0.8,0,0.6,0.0,0.4,0.6343165395012779,0.006913633711226762,0.16312965502490645,7
2.0,0.8,0,0.6,0.2,0.2,0.8,0.011085849246659495,0.2717102523438769,7
2.0,0.8,0,0.6,0.4,0.0,0.7,0.005907515539573173,0.13221520815627152,10
2.0,0.8,0,0.8,0.0,0.2,0.6479288255609362,0.00937369882673426,0.23909939733442853,8
2.0,0.8,0,0.8,0.2,0.0,0.7,0.005907515539573173,0.13221520815627152,10
2.0,0.8,0,1.0,0.0,0.0,0.5433555522159559,0.006078186175214161,0.14299175355358598,6
2.0,0.8,1,0.0,0.0,1.0,0.7949234564023905,0.009351450149477912,0.19288234158461143,6
2.0,0.8,1,0.0,0.2,0.8,0.5,0.011033923290645778,0.17564872432540077,8
2.0,0.8,1,0.0,0.4,0.6,0.5,0.011033923290645778,0.17564872432540077,8
2.0,0.8,1,0.0,0.6,0.4,0.5,0.011033923290645778,0.17564872432540077,8
2.0,0.8,1,0.0,0.8,0.2,0.5,0.009269131114989912,0.15277702598891157,7
2.0,0.8,1,0.0,1.0,0.0,0.5,0.009269131114989912,0.15277702598891157,7
2.0,0.8,1,0.2,0.0,0.8,0.7704819172431725,0.0058525561427755285,0.12758777090982173,7
2.0,0.8,1,0.2,0.2,0.6,0.7704819172431725,0.0058525561427755285,0.12758777090982173,7
2.0,0.8,1,0.2,0.4,0.4,0.7691945979927891,0.009205981805675932,0.17883655425091227,6
2.0,0.8,1,0.2,0.6,0.2,0.8,0.007355259793475064,0.13581860232809292,7
2.0,0.8,1,0.2,0.8,0.0,0.7906507083348218,0.004992093972386192,0.10649758477933922,6
2.0,0.8,1,0.4,0.0,0.6,0.7906507083348218,0.004992093972386192,0.10649758477933922,6
2.0,0.8,1,0.4,0.2,0.4,0.8,0.007355259793475064,0.13581860232809292,7
2.0,0.8,1,0.4,0.4,0.2,0.8,0.007355259793475064,0.13581860232809292,7
2.0,0.8,1,0.4,0.6,0.0,0.7906507083348218,0.004992093972386192,0.10649758477933922,6
2.0,0.8,1,0.6,0.0,0.4,0.7906507083348218,0.004992093972386192,0.10649758477933922,6
2.0,0.8,1,0.6,0.2,0.2,0.8,0.007355259793475064,0.13581860232809292,7
2.0,0.8,1,0.6,0.4,0.0,0.7906507083348218,0.004992093972386192,0.10649758477933922,6
2.0,0.8,1,0.8,0.0,0.2,0.7906507083348218,0.004992093972386192,0.10649758477933922,6
2.0,0.8,1,0.8,0.2,0.0,0.7906507083348218,0.004992093972386192,0.10649758477933922,6
2.0,0.8,1,1.0,0.0,0.0,0.7755848272688359,0.0039443349106727445,0.08216776418722684,5
2.0,0.8,2,0.0,0.0,1.0,0.7,0.013302253531760021,0.2012462397707501,8
2.0,0.8,2,0.0,0.2,0.8,0.465567094443497,0.011659801893845911,0.20050128182546892,9
2.0,0.8,2,0.0,0.4,0.6,0.465567094443497,0.011659801893845911,0.20050128182546892,9
2.0,0.8,2,0.0,0.6,0.4,0.465567094443497,0.011659801893845911,0.20050128182546892,9
2.0,0.8,2,0.0,0.8,0.2,0.465567094443497,0.011659801893845911,0.20050128182546892,9
2.0,0.8,2,0.0,1.0,0.0,0.42672375262908874,0.010447944452345885,0.15867107617756263,8
2.0,0.8,2,0.2,0.0,0.8,0.6,0.005880864477899632,0.14698461706376487,7
2.0,0.8,2,0.2,0.2,0.6,0.5520197751157697,0.009020468836861232,0.1561661889665248,8
2.0,0.8,2,0.2,0.4,0.4,0.5690369285356094,0.010717240197580203,0.17524158944133747,7
2.0,0.8,2,0.2,0.6,0.2,0.5690369285356094,0.010717240197580203,0.17524158944133747,7
2.0,0.8,2,0.2,0.8,0.0,0.6435770678450882,0.00890780914573953,0.15078846350191602,8
2.0,0.8,2,0.4,0.0,0.6,0.6534678709638275,0.007833167743867376,0.1418527777479634,8
2.0,0.8,2,0.4,0.2,0.4,0.5690369285356094,0.010717240197580203,0.17524158944133747,7
2.0,0.8,2,0.4,0.4,0.2,0.6623447985922268,0.0029936580969247353,0.0837845724058106,6
2.0,0.8,2,0.4,0.6,0.0,0.6435770678450882,0.00890780914573953,0.15078846350191602,8
2.0,0.8,2,0.6,0.0,0.4,0.6552756034049483,0.007502603694104346,0.1411800248463116,8
2.0,0.8,2,0.6,0.2,0.2,0.6623447985922268,0.0029936580969247353,0.0837845724058106,6
2.0,0.8,2,0.6,0.4,0.0,0.6435770678450882,0.00890780914573953,0.15078846350191602,8
2.0,0.8,2,0.8,0.0,0.2,0.6552756034049483,0.007502603694104346,0.1411800248463116,8
2.0,0.8,2,0.8,0.2,0.0,0.6435770678450882,0.00890780914573953,0.15078846350191602,8
2.0,0.8,2,1.0,0.0,0.0,0.6620231977517855,0.005569071911951678,0.08392580231248678,9
2.0,0.8,3,0.0,0.0,1.0,0.3715736637482957,0.005490578716954408,0.3192960608048526,7
2.0,0.8,3,0.0,0.2,0.8,0.2235679185994334,0.019594330275653167,0.21038261673287367,7
2.0,0.8,3,0.0,0.4,0.6,0.2235679185994334,0.019594330275653167,0.21038261673287367,7
2.0,0.8,3,0.0,0.6,0.4,0.2235679185994334,0.019594330275653167,0.21038261673287367,7
2.0,0.8,3,0.0,0.8,0.2,0.13399899031356138,0.004801968340770669,0.14136481326237596,7
2.0,0.8,3,0.0,1.0,0.0,0.21165151212460848,0.004143726910569695,0.07784859053197037,8
2.0,0.8,3,0.2,0.0,0.8,0.34823458171027866,0.00631771388951069,0.24416289584889078,6
2.0,0.8,3,0.2,0.2,0.6,0.5416202642128716,0.004055662728643566,0.10299512939589077,8
2.0,0.8,3,0.2,0.4,0.4,0.6060488728705771,0.0032027780989359713,0.07942624934295472,7
2.0,0.8,3,0.2,0.6,0.2,0.5416202642128716,0.004055662728643566,0.10299512939589077,8
2.0,0.8,3,0.2,0.8,0.0,0.6060488728705771,0.0032027780989359713,0.07942624934295472,7
2.0,0.8,3,0.4,0.0,0.6,0.6196753538923243,0.0022247657336444547,0.08172996974666114,6
2.0,0.8,3,0.4,0.2,0.4,0.5416202642128716,0.004055662728643566,0.10299512939589077,8
2.0,0.8,3,0.4,0.4,0.2,0.5416202642128716,0.004055662728643566,0.10299512939589077,8
2.0,0.8,3,0.4,0.6,0.0,0.6060488728705771,0.0032027780989359713,0.07942624934295472,7
2.0,0.8,3,0.6,0.0,0.4,0.6196753538923243,0.0022247657336444547,0.08172996974666114,6
2.0,0.8,3,0.6,0.2,0.2,0.5416202642128716,0.004055662728643566,0.10299512939589077,8
2.0,0.8,3,0.6,0.4,0.0,0.6060488728705771,0.0032027780989359713,0.07942624934295472,7
2.0,0.8,3,0.8,0.0,0.2,0.6196753538923243,0.0022247657336444547,0.08172996974666114,6
2.0,0.8,3,0.8,0.2,0.0,0.6060488728705771,0.0032027780989359713,0.07942624934295472,7
2.0,0.8,3,1.0,0.0,0.0,0.6196753538923243,0.0011614274412198723,0.03889267383831212,6
2.0,0.8,4,0.0,0.0,1.0,0.6,0.02205006131170252,0.3700488803269463,5
2.0,0.8,4,0.0,0.2,0.8,0.38964066975196165,0.023248733061358624,0.42430119930829574,8
2.0,0.8,4,0.0,0.4,0.6,0.38964066975196165,0.023248733061358624,0.42430119930829574,8
2.0,0.8,4,0.0,0.6,0.4,0.38964066975196165,0.023248733061358624,0.42430119930829574,8
2.0,0.8,4,0.0,0.8,0.2,0.4379851439900778,0.02085540230257299,0.3812448799121168,6
2.0,0.8,4,0.0,1.0,0.0,0.35,0.02739650653729164,0.42533593319647495,8
2.0,0.8,4,0.2,0.0,0.8,0.7,0.024711078158776358,0.35808595362901025,8
2.0,0.8,4,0.2,0.2,0.6,0.5,0.021740431223684974,0.35354055404718904,7
2.0,0.8,4,0.2,0.4,0.4,0.5386137193665202,0.02666599376332512,0.4031305350288765,9
2.0,0.8,4,0.2,0.6,0.2,0.5291938703387511,0.023602715109993636,0.3716625424037616,7
2.0,0.8,4,0.2,0.8,0.0,0.6373602953291336,0.020398386348921514,0.33746114620416623,5
2.0,0.8,4,0.4,0.0,0.6,0.5753548958712952,0.022495360306632285,0.34639664350072685,8
2.0,0.8,4,0.4,0.2,0.4,0.6,0.019249641638721747,0.318996681683025,5
2.0,0.8,4,0.4,0.4,0.2,0.6,0.019249641638721747,0.318996681683025,5
2.0,0.8,4,0.4,0.6,0.0,0.7009011231809511,0.017499494565075942,0.24715818391726402,9
2.0,0.8,4,0.6,0.0,0.4,0.6498929183867225,0.0258772082775348,0.3649952330336077,7
2.0,0.8,4,0.6,0.2,0.2,0.6,0.019249641638721747,0.318996681683025,5
2.0,0.8,4,0.6,0.4,0.0,0.6373602953291336,0.020398386348921514,0.33746114620416623,5
2.0,0.8,4,0.8,0.0,0.2,0.55,0.01929756906697511,0.3135112495598628,5
2.0,0.8,4,0.8,0.2,0.0,0.6373602953291336,0.020398386348921514,0.33746114620416623,5
2.0,0.8,4,1.0,0.0,0.0,0.6349877089536989,0.01196017875801876,0.176270544788069,7
2.0,0.8,5,0.0,0.0,1.0,0.5399612600014316,0.0152578625945776,0.4254399403633405,8
2.0,0.8,5,0.0,0.2,0.8,0.6899612600014317,0.0219321902272413,0.46446963115705714,8
2.0,0.8,5,0.0,0.4,0.6,0.6899612600014317,0.0219321902272413,0.46446963115705714,8
2.0,0.8,5,0.0,0.6,0.4,0.6899612600014317,0.0219321902272413,0.46446963115705714,8
2.0,0.8,5,0.0,0.8,0.2,0.6899612600014317,0.0219321902272413,0.46446963115705714,8
2.0,0.8,5,0.0,1.0,0.0,0.8331623852574798,0.021688918238996758,0.44962711699554486,7
2.0,0.8,5,0.2,0.0,0.8,0.7348086138047677,0.014358759184347036,0.36340377854128025,6
2.0,0.8,5,0.2,0.2,0.6,0.8039599392473715,0.011943232058879247,0.303903413931669,8
2.0,0.8,5,0.2,0.4,0.4,0.6987505965172729,0.016705865277888015,0.3287257063983142,5
2.0,0.8,5,0.2,0.6,0.2,0.85,0.009279331514102946,0.25591345065132504,7
2.0,0.8,5,0.2,0.8,0.0,0.8222822619113334,0.016131043526020274,0.3413145985438567,8
2.0,0.8,5,0.4,0.0,0.6,0.8455865374266981,0.01826023932053459,0.3828108208265144,6
2.0,0.8,5,0.4,0.2,0.4,0.8039599392473715,0.011943232058879247,0.303903413931669,8
2.0,0.8,5,0.4,0.4,0.2,0.839585391531163,0.017282215138959667,0.3356620778340074,5
2.0,0.8,5,0.4,0.6,0.0,0.85,0.00902231918753997,0.2382973423525677,7
2.0,0.8,5,0.6,0.0,0.4,0.8128233798448243,0.0176853372962059,0.3578702661778861,6
2.0,0.8,5,0.6,0.2,0.2,0.839585391531163,0.017282215138959667,0.3356620778340074,5
2.0,0.8,5,0.6,0.4,0.0,0.85,0.00902231918753997,0.2382973423525677,7
2.0,0.8,5,0.8,0.0,0.2,0.823712884624506,0.018176610264338398,0.3785037506786554,5
2.0,0.8,5,0.8,0.2,0.0,0.85,0.00902231918753997,0.2382973423525677,7
2.0,0.8,5,1.0,0.0,0.0,0.8681621559392677,0.009683065602956935,0.18217240672016924,8
2.0,0.8,6,0.0,0.0,1.0,0.5786422378583863,0.01239762168877275,0.20237217347693454,8
2.0,0.8,6,0.0,0.2,0.8,0.5601658146381572,0.011042186250866939,0.21132130227278018,8
2.0,0.8,6,0.0,0.4,0.6,0.6658229396415963,0.01219169622948899,0.2131371868872819,8
2.0,0.8,6,0.0,0.6,0.4,0.6658229396415963,0.01219169622948899,0.2131371868872819,8
2.0,0.8,6,0.0,0.8,0.2,0.6658229396415963,0.01219169622948899,0.2131371868872819,8
2.0,0.8,6,0.0,1.0,0.0,0.5587352175529654,0.012603091100823336,0.21134850091769536,9
2.0,0.8,6,0.2,0.0,0.8,0.5813580631314667,0.011324516691236531,0.19191290135888955,9
2.0,0.8,6,0.2,0.2,0.6,0.7101851543092731,0.009143466274169893,0.1618459581663643,8
2.0,0.8,6,0.2,0.4,0.4,0.5730356537059149,0.010607052579531432,0.20000856574636908,7
2.0,0.8,6,0.2,0.6,0.2,0.6379001984027648,0.00929257069597653,0.18205024159917096,10
2.0,0.8,6,0.2,0.8,0.0,0.6986375880844182,0.012509275794141255,0.22962035525986474,9
2.0,0.8,6,0.4,0.0,0.6,0.6379001984027648,0.00929257069597653,0.18205024159917096,10
2.0,0.8,6,0.4,0.2,0.4,0.6501719363325782,0.007964085499854336,0.13898591983105213,8
2.0,0.8,6,0.4,0.4,0.2,0.6379001984027648,0.00929257069597653,0.18205024159917096,10
2.0,0.8,6,0.4,0.6,0.0,0.6771000391715735,0.011220261344992913,0.20445444146639602,8
2.0,0.8,6,0.6,0.0,0.4,0.6658997378372381,0.009675215813350808,0.198792641523599,9
2.0,0.8,6,0.6,0.2,0.2,0.6501719363325782,0.007964085499854336,0.13898591983105213,8
2.0,0.8,6,0.6,0.4,0.0,0.6771000391715735,0.011220261344992913,0.20445444146639602,8
2.0,0.8,6,0.8,0.0,0.2,0.6379001984027648,0.00929257069597653,0.18205024159917096,10
2.0,0.8,6,0.8,0.2,0.0,0.6771000391715735,0.011220261344992913,0.20445444146639602,8
2.0,0.8,6,1.0,0.0,0.0,0.6284855439477901,0.004872681942794247,0.09901276273774282,9
2.0,0.8,7,0.0,0.0,1.0,0.4546222788668165,0.007684410909773974,0.15843646491274765,6
2.0,0.8,7,0.0,0.2,0.8,0.6133761044166869,0.009712437869502263,0.1847380823971877,8
2.0,0.8,7,0.0,0.4,0.6,0.6133761044166869,0.009712437869502263,0.1847380823971877,8
2.0,0.8,7,0.0,0.6,0.4,0.25,0.011978434344396962,0.1826498683390474,7
2.0,0.8,7,0.0,0.8,0.2,0.25,0.011978434344396962,0.1826498683390474,7
2.0,0.8,7,0.0,1.0,0.0,0.25,0.011978434344396962,0.1826498683390474,7
2.0,0.8,7,0.2,0.0,0.8,0.5142232059797321,0.00850290071491649,0.15739821923794506,6
2.0,0.8,7,0.2,0.2,0.6,0.65,0.012637175458914747,0.2353628184703715,7
2.0,0.8,7,0.2,0.4,0.4,0.65,0.011451347476999262,0.21180654580788733,5
2.0,0.8,7,0.2,0.6,0.2,0.65,0.011451347476999262,0.21180654580788733,5
2.0,0.8,7,0.2,0.8,0.0,0.65,0.011451347476999262,0.21180654580788733,5
2.0,0.8,7,0.4,0.0,0.6,0.5785713486436956,0.008158275096523216,0.14847796210194297,6
2.0,0.8,7,0.4,0.2,0.4,0.65,0.011451347476999262,0.21180654580788733,5
2.0,0.8,7,0.4,0.4,0.2,0.65,0.011451347476999262,0.21180654580788733,5
2.0,0.8,7,0.4,0.6,0.0,0.65,0.011451347476999262,0.21180654580788733,5
2.0,0.8,7,0.6,0.0,0.4,0.5785713486436956,0.008158275096523216,0.14847796210194297,6
2.0,0.8,7,0.6,0.2,0.2,0.65,0.011451347476999262,0.21180654580788733,5
2.0,0.8,7,0.6,0.4,0.0,0.65,0.011451347476999262,0.21180654580788733,5
2.0,0.8,7,0.8,0.0,0.2,0.5785713486436956,0.008158275096523216,0.14847796210194297,6
2.0,0.8,7,0.8,0.2,0.0,0.65,0.011451347476999262,0.21180654580788733,5
2.0,0.8,7,1.0,0.0,0.0,0.5785713486436956,0.006937215826447244,0.12505394969872158,6
4.0,0.1,0,0.0,0.0,1.0,0.75,0.026256189399607513,0.6722318701655412,8
4.0,0.1,0,0.0,0.2,0.8,0.9,0.029506984978333817,0.6070900022010315,8
4.0,0.1,0,0.0,0.4,0.6,0.9,0.029506984978333817,0.6070900022010315,8
4.0,0.1,0,0.0,0.6,0.4,0.9,0.029506984978333817,0.6070900022010315,8
4.0,0.1,0,0.0,0.8,0.2,0.9,0.029729814049828572,0.5927608074339875,7
4.0,0.1,0,0.0,1.0,0.0,0.9,0.034924540290650674,0.5684994665224212,8
4.0,0.1,0,0.2,0.0,0.8,0.9361771787550471,0.02346510734029265,0.5810259510098423,6
4.0,0.1,0,0.2,0.2,0.6,0.95,0.02780840506281677,0.6277103918211134,7
4.0,0.1,0,0.2,0.4,0.4,0.95,0.03790444584043504,0.6788631300734269,8
4.0,0.1,0,0.2,0.6,0.2,0.95,0.027512214849988163,0.6048962862742225,7
4.0,0.1,0,0.2,0.8,0.0,0.95,0.025469379702339884,0.5606205910977715,7
4.0,0.1,0,0.4,0.0,0.6,0.95,0.029117178618207177,0.5961926209780879,7
4.0,0.1,0,0.4,0.2,0.4,0.95,0.036471968520308186,0.6648383293942383,8
4.0,0.1,0,0.4,0.4,0.2,0.95,0.03735482615265289,0.6633968671761883,8
4.0,0.1,0,0.4,0.6,0.0,0.95,0.03037357928206788,0.5572635049134891,7
4.0,0.1,0,0.6,0.0,0.4,0.9438883947673377,0.03525617851800143,0.6619307006711727,7
4.0,0.1,0,0.6,0.2,0.2,0.95,0.036471968520308186,0.6648383293942383,8
4.0,0.1,0,0.6,0.4,0.0,0.95,0.03037357928206788,0.5572635049134891,7
4.0,0.1,0,0.8,0.0,0.2,0.9438883947673377,0.03525617851800143,0.6619307006711727,7
4.0,0.1,0,0.8,0.2,0.0,0.95,0.03037357928206788,0.5572635049134891,7
4.0,0.1,0,1.0,0.0,0.0,0.95,0.018145928082646947,0.42133806661381557,5
4.0,0.1,1,0.0,0.0,1.0,0.9,0.033152863848169636,0.6861075218966194,7
4.0,0.1,1,0.0,0.2,0.8,0.85,0.031609006006104216,0.682779703770616,8
4.0,0.1,1,0.0,0.4,0.6,0.9,0.04077687413105173,0.6884794829005088,7
4.0,0.1,1,0.0,0.6,0.4,0.8782810067787781,0.04693782853039527,0.69900024177323,8
4.0,0.1,1,0.0,0.8,0.2,0.9,0.036311426647379,0.6824866512785679,8
4.0,0.1,1,0.0,1.0,0.0,0.8869735877442069,0.04277363658910747,0.6806032992237651,8
4.0,0.1,1,0.2,0.0,0.8,0.95,0.03232220973089099,0.6698863471536088,6
4.0,0.1,1,0.2,0.2,0.6,0.95,0.03644582356513737,0.6800748387118585,8
4.0,0.1,1,0.2,0.4,0.4,0.95,0.03644582356513737,0.6800748387118585,8
4.0,0.1,1,0.2,0.6,0.2,0.95,0.03701104145638707,0.6791029525546591,8
4.0,0.1,1,0.2,0.8,0.0,0.95,0.03553497525132647,0.641850863047702,6
4.0,0.1,1,0.4,0.0,0.6,0.9500000000000001,0.030566650738467854,0.6662736116712991,7
4.0,0.1,1,0.4,0.2,0.4,0.95,0.03644582356513737,0.6800748387118585,8
4.0,0.1,1,0.4,0.4,0.2,0.95,0.03791218661142032,0.6669498498764214,6
4.0,0.1,1,0.4,0.6,0.0,0.95,0.034162705209681524,0.6957830722289041,6
4.0,0.1,1,0.6,0.0,0.4,0.95,0.03936065647731948,0.6778759692599526,6
4.0,0.1,1,0.6,0.2,0.2,0.95,0.03936065647731948,0.6778759692599526,6
4.0,0.1,1,0.6,0.4,0.0,0.95,0.034162705209681524,0.6957830722289041,6
4.0,0.1,1,0.8,0.0,0.2,0.95,0.03791218661142032,0.6669498498764214,6
4.0,0.1,1,0.8,0.2,0.0,0.95,0.034162705209681524,0.6957830722289041,6
4.0,0.1,1,1.0,0.0,0.0,0.95,0.021250199488229926,0.47253168739071516,5
4.0,0.1,2,0.0,0.0,1.0,0.7960575872235983,0.024650034701663628,0.6575562266545468,7
4.0,0.1,2,0.0,0.2,0.8,0.9181666051702202,0.031251333008528434,0.5920728941822746,8
4.0,0.1,2,0.0,0.4,0.6,0.748996359619749,0.03606623417533272,0.6925787877863089,9
4.0,0.1,2,0.0,0.6,0.4,0.6131148504183045,0.047905895610656384,0.6701971167240187,10
4.0,0.1,2,0.0,0.8,0.2,0.6131148504183045,0.047905895610656384,0.6701971167240187,10
4.0,0.1,2,0.0,1.0,0.0,0.5628264394953104,0.035616837351031015,0.4632124436630991,8
4.0,0.1,2,0.2,0.0,0.8,0.85,0.03667342522819781,0.7040430466477522,9
4.0,0.1,2,0.2,0.2,0.6,0.9,0.03765119608209004,0.6802986413120635,8
4.0,0.1,2,0.2,0.4,0.4,0.8500000000000001,0.021903188424128382,0.6684724221112741,9
4.0,0.1,2,0.2,0.6,0.2,0.85,0.025976942913932728,0.6596791914691164,9
4.0,0.1,2,0.2,0.8,0.0,0.9500000000000001,0.034450057259380495,0.6102243015428612,7
4.0,0.1,2,0.4,0.0,0.6,0.95,0.018889800477224467,0.583741264415893,7
4.0,0.1,2,0.4,0.2,0.4,0.9181666051702202,0.031251333008528434,0.5920728941822746,8
4.0,0.1,2,0.4,0.4,0.2,0.9500000000000001,0.034450057259380495,0.6102243015428612,7
4.0,0.1,2,0.4,0.6,0.0,0.9500000000000001,0.034450057259380495,0.6102243015428612,7
4.0,0.1,2,0.6,0.0,0.4,0.95,0.03469970356836025,0.6361945574435227,7
4.0,0.1,2,0.6,0.2,0.2,0.95,0.029176330075376428,0.634782711752826,7
4.0,0.1,2,0.6,0.4,0.0,0.9500000000000001,0.034450057259380495,0.6102243015428612,7
4.0,0.1,2,0.8,0.0,0.2,0.95,0.03469970356836025,0.6361945574435227,7
4.0,0.1,2,0.8,0.2,0.0,0.9500000000000001,0.034450057259380495,0.6102243015428612,7
4.0,0.1,2,1.0,0.0,0.0,0.9375095039439284,0.01334323736275187,0.3913660556394467,6
4.0,0.1,3,0.0,0.0,1.0,0.49036094851823503,0.0066002885172951505,0.34233176158206513,8
4.0,0.1,3,0.0,0.2,0.8,0.44942412615356947,0.009682411671931354,0.6398708990139195,9
4.0,0.1,3,0.0,0.4,0.6,0.44942412615356947,0.009682411671931354,0.6398708990139195,9
4.0,0.1,3,0.0,0.6,0.4,0.44942412615356947,0.009682411671931354,0.6398708990139195,9
4.0,0.1,3,0.0,0.8,0.2,0.44942412615356947,0.009682411671931354,0.6398708990139195,9
4.0,0.1,3,0.0,1.0,0.0,0.7081586456063361,0.009020133639173375,0.2127290278820767,8
4.0,0.1,3,0.2,0.0,0.8,0.7074938169422308,0.014761349072792614,0.6834054522841199,7
4.0,0.1,3,0.2,0.2,0.6,0.8622571832791159,0.006825848689977003,0.24038073380525835,7
4.0,0.1,3,0.2,0.4,0.4,0.8622571832791159,0.006825848689977003,0.24038073380525835,7
4.0,0.1,3,0.2,0.6,0.2,0.8099098644355874,0.006135272827661374,0.24497871158005005,8
4.0,0.1,3,0.2,0.8,0.0,0.862257183279116,0.006842794849709352,0.24003595636473682,7
4.0,0.1,3,0.4,0.0,0.6,0.7671952180720412,0.010004051765189096,0.28859936516004847,7
4.0,0.1,3,0.4,0.2,0.4,0.7587720440505781,0.00948898838774259,0.25302901141069917,7
4.0,0.1,3,0.4,0.4,0.2,0.8254104075713055,0.0074711299248588735,0.14951376353253543,6
4.0,0.1,3,0.4,0.6,0.0,0.8622571832791159,0.006948510403554513,0.2407554985644705,6
4.0,0.1,3,0.6,0.0,0.4,0.7695430702551397,0.005012018803893842,0.20822556938344722,5
4.0,0.1,3,0.6,0.2,0.2,0.8060716629502945,0.004287503898925739,0.09830567287056025,6
4.0,0.1,3,0.6,0.4,0.0,0.8622571832791159,0.006948510403554513,0.2407554985644705,6
4.0,0.1,3,0.8,0.0,0.2,0.861266945922126,0.010806189097414173,0.3431237691628795,7
4.0,0.1,3,0.8,0.2,0.0,0.8622571832791159,0.006948510403554513,0.2407554985644705,6
4.0,0.1,3,1.0,0.0,0.0,0.8,0.0018730314499674201,0.0541910488039444,8
4.0,0.1,4,0.0,0.0,1.0,0.8,0.03548382071563763,0.6323232843402944,9
4.0,0.1,4,0.0,0.2,0.8,0.75,0.03927460524977331,0.6435532407981327,7
4.0,0.1,4,0.0,0.4,0.6,0.75,0.03927460524977331,0.6435532407981327,7
4.0,0.1,4,0.0,0.6,0.4,0.75,0.03927460524977331,0.6435532407981327,7
4.0,0.1,4,0.0,0.8,0.2,0.75,0.03957593945786321,0.6404696311465384,7
4.0,0.1,4,0.0,1.0,0.0,0.8,0.038905336764820504,0.5658625336118831,8
4.0,0.1,4,0.2,0.0,0.8,0.7,0.04055635836818854,0.6192141518671378,7
4.0,0.1,4,0.2,0.2,0.6,0.9,0.03776629936788516,0.5971959264289325,8
4.0,0.1,4,0.2,0.4,0.4,0.95,0.04043005921865427,0.6037078657279776,6
4.0,0.1,4,0.2,0.6,0.2,0.95,0.036402628118976474,0.5879238627624651,8
4.0,0.1,4,0.2,0.8,0.0,0.9158100764085141,0.03518130779881939,0.539188052420886,6
4.0,0.1,4,0.4,0.0,0.6,0.95,0.03200164356844698,0.576183481930037,7
4.0,0.1,4,0.4,0.2,0.4,0.95,0.04043005921865427,0.6037078657279776,6
4.0,0.1,4,0.4,0.4,0.2,0.9491838116302588,0.036661619107264266,0.5814943134255659,6
4.0,0.1,4,0.4,0.6,0.0,0.9158100764085141,0.03518130779881939,0.539188052420886,6
4.0,0.1,4,0.6,0.0,0.4,0.9,0.031047833167345208,0.5876223117984045,7
4.0,0.1,4,0.6,0.2,0.2,0.9491838116302588,0.036661619107264266,0.5814943134255659,6
4.0,0.1,4,0.6,0.4,0.0,0.95,0.03616236303615129,0.5494894653973803,7
4.0,0.1,4,0.8,0.0,0.2,0.95,0.034966225010199775,0.559355114642036,7
4.0,0.1,4,0.8,0.2,0.0,0.95,0.03616236303615129,0.5494894653973803,7
4.0,0.1,4,1.0,0.0,0.0,0.9257649728925175,0.014426235228861977,0.24376752186304007,5
4.0,0.1,5,0.0,0.0,1.0,0.8,0.019474635936580467,0.609537724657165,9
4.0,0.1,5,0.0,0.2,0.8,0.9,0.020802964688850515,0.6942046006159521,8
4.0,0.1,5,0.0,0.4,0.6,0.9,0.020802964688850515,0.6942046006159521,8
4.0,0.1,5,0.0,0.6,0.4,0.8835654522201247,0.032354592018492556,0.6234812264830543,8
4.0,0.1,5,0.0,0.8,0.2,0.75,0.02830419059547197,0.6898829922217402,9
4.0,0.1,5,0.0,1.0,0.0,0.9,0.034952970606581986,0.6534298647014889,7
4.0,0.1,5,0.2,0.0,0.8,1.0,0.0365848746179878,0.6513853831540923,6
4.0,0.1,5,0.2,0.2,0.6,0.9500000000000001,0.02111742427230273,0.7075125952544593,8
4.0,0.1,5,0.2,0.4,0.4,1.0,0.020287164645278948,0.5946915142578038,6
4.0,0.1,5,0.2,0.6,0.2,0.95,0.018990775929838118,0.6936060983775872,8
4.0,0.1,5,0.2,0.8,0.0,1.0,0.022823607870868456,0.49484949843566833,6
4.0,0.1,5,0.4,0.0,0.6,0.9902518232386832,0.018946412150941106,0.6170145634415737,6
4.0,0.1,5,0.4,0.2,0.4,1.0,0.021301716364166726,0.526920314440527,7
4.0,0.1,5,0.4,0.4,0.2,0.95,0.03463527138074351,0.6392141205292272,6
4.0,0.1,5,0.4,0.6,0.0,1.0,0.022823607870868456,0.49484949843566833,6
4.0,0.1,5,0.6,0.0,0.4,1.0,0.023794239638275375,0.5276088692834684,7
4.0,0.1,5,0.6,0.2,0.2,1.0,0.0225980984743947,0.5126081887591939,6
4.0,0.1,5,0.6,0.4,0.0,1.0,0.019141489340715658,0.41806106831177936,6
4.0,0.1,5,0.8,0.0,0.2,1.0,0.020894961263000007,0.6933937827418278,5
4.0,0.1,5,0.8,0.2,0.0,1.0,0.019141489340715658,0.41806106831177936,6
4.0,0.1,5,1.0,0.0,0.0,1.0,0.01759255188608836,0.3779739514957389,7
4.0,0.1,6,0.0,0.0,1.0,0.7040613223464991,0.03475857224422543,0.6326856205656223,7
4.0,0.1,6,0.0,0.2,0.8,0.6203703086185461,0.036683919543112634,0.6855393799270526,10
4.0,0.1,6,0.0,0.4,0.6,0.6203703086185461,0.036683919543112634,0.6855393799270526,10
4.0,0.1,6,0.0,0.6,0.4,0.75,0.03268512492135108,0.6638961871364907,7
4.0,0.1,6,0.0,0.8,0.2,0.6203703086185461,0.033597590091790246,0.6455529094701128,9
4.0,0.1,6,0.0,1.0,0.0,0.726984091955914,0.034056844290507066,0.590259671355098,8
4.0,0.1,6,0.2,0.0,0.8,0.6691237737674919,0.030366728981931476,0.5774539482704933,8
4.0,0.1,6,0.2,0.2,0.6,0.7,0.03263014606970369,0.6079717378225675,8
4.0,0.1,6,0.2,0.4,0.4,0.8203703086185462,0.03286573212754615,0.5987601437854582,6
4.0,0.1,6,0.2,0.6,0.2,0.787983896014392,0.031356104574277135,0.6160242696711401,6
4.0,0.1,6,0.2,0.8,0.0,0.8,0.03624523963389532,0.6154346404934627,8
4.0,0.1,6,0.4,0.0,0.6,0.8,0.031579678801836375,0.6047599582641163,9
4.0,0.1,6,0.4,0.2,0.4,0.7505534206091224,0.029418653917040367,0.5699353955121841,7
4.0,0.1,6,0.4,0.4,0.2,0.7699211771859584,0.025608821082147532,0.5090723319599856,8
4.0,0.1,6,0.4,0.6,0.0,0.773941807838337,0.029685598075153773,0.5655934377118444,6
4.0,0.1,6,0.6,0.0,0.4,0.7278871167799323,0.027861019610383134,0.5637998339451898,8
4.0,0.1,6,0.6,0.2,0.2,0.7883869724761816,0.03454412454901687,0.6210439104468306,9
4.0,0.1,6,0.6,0.4,0.0,0.8203703086185461,0.031039944372812517,0.5985935689747959,8
4.0,0.1,6,0.8,0.0,0.2,0.8,0.02731474394290077,0.587074643704624,8
4.0,0.1,6,0.8,0.2,0.0,0.8203703086185461,0.031039944372812517,0.5985935689747959,8
4.0,0.1,6,1.0,0.0,0.0,0.8,0.017708059757684358,0.3120750090246727,7
4.0,0.1,7,0.0,0.0,1.0,0.8976243217407975,0.02942392754514772,0.5930968152146328,5
4.0,0.1,7,0.0,0.2,0.8,0.8,0.031179206810223042,0.603676129958775,7
4.0,0.1,7,0.0,0.4,0.6,0.8976243217407975,0.02942392754514772,0.5930968152146328,5
4.0,0.1,7,0.0,0.6,0.4,0.75,0.035793933356535294,0.6221993119256719,9
4.0,0.1,7,0.0,0.8,0.2,0.7,0.03454341351094125,0.6061217750977574,9
4.0,0.1,7,0.0,1.0,0.0,0.8993668865660589,0.03593600393899618,0.5961630164100826,5
4.0,0.1,7,0.2,0.0,0.8,0.9,0.03072654529992749,0.5318953244023792,5
4.0,0.1,7,0.2,0.2,0.6,0.8952914771280815,0.031124016915601665,0.5913676222038082,5
4.0,0.1,7,0.2,0.4,0.4,0.8952914771280815,0.031124016915601665,0.5913676222038082,5
4.0,0.1,7,0.2,0.6,0.2,0.8993668865660589,0.028012961218910278,0.5843224090165934,5
4.0,0.1,7,0.2,0.8,0.0,0.95,0.023574705566522115,0.5202789306607404,6
4.0,0.1,7,0.4,0.0,0.6,0.9,0.03072654529992749,0.5318953244023792,5
4.0,0.1,7,0.4,0.2,0.4,0.8952914771280815,0.031124016915601665,0.5913676222038082,5
4.0,0.1,7,0.4,0.4,0.2,0.95,0.023238114852761754,0.5142944579041551,6
4.0,0.1,7,0.4,0.6,0.0,0.95,0.023574705566522115,0.5202789306607404,6
4.0,0.1,7,0.6,0.0,0.4,0.9,0.03072654529992749,0.5318953244023792,5
4.0,0.1,7,0.6,0.2,0.2,0.8920941299756054,0.020569785228732516,0.4747795446314509,6
4.0,0.1,7,0.6,0.4,0.0,0.95,0.023574705566522115,0.5202789306607404,6
4.0,0.1,7,0.8,0.0,0.2,0.9,0.03072654529992749,0.5318953244023792,5
4.0,0.1,7,0.8,0.2,0.0,0.95,0.023574705566522115,0.5202789306607404,6
4.0,0.1,7,1.0,0.0,0.0,0.9,0.016181937739756857,0.40889523904243186,7
4.0,0.4,0,0.0,0.0,1.0,0.8,0.015321328157656147,0.4275862866780955,9
4.0,0.4,0,0.0,0.2,0.8,0.85,0.01649408813308259,0.43236694716306384,7
4.0,0.4,0,0.0,0.4,0.6,0.7,0.019991598007438164,0.4476806000402555,8
4.0,0.4,0,0.0,0.6,0.4,0.7,0.019991598007438164,0.4476806000402555,8
4.0,0.4,0,0.0,0.8,0.2,0.65,0.025322492841348878,0.44994395979166446,8
4.0,0.4,0,0.0,1.0,0.0,0.8405551337080439,0.024587179519501526,0.4400868636569762,7
4.0,0.4,0,0.2,0.0,0.8,0.85,0.01602063323563359,0.4212439804541764,6
4.0,0.4,0,0.2,0.2,0.6,0.85,0.01663748658071806,0.4342061306280138,7
4.0,0.4,0,0.2,0.4,0.4,0.85,0.017255243514386027,0.4290519979771337,7
4.0,0.4,0,0.2,0.6,0.2,0.85,0.019430706639534164,0.4524555213212451,6
4.0,0.4,0,0.2,0.8,0.0,0.85,0.01921843032437903,0.3665505394409581,8
4.0,0.4,0,0.4,0.0,0.6,0.85,0.01602063323563359,0.4212439804541764,6
4.0,0.4,0,0.4,0.2,0.4,0.85,0.01663748658071806,0.4342061306280138,7
4.0,0.4,0,0.4,0.4,0.2,0.8945504317962797,0.020316447261422642,0.39089051421504206,8
4.0,0.4,0,0.4,0.6,0.0,0.85,0.01921843032437903,0.3665505394409581,8
4.0,0.4,0,0.6,0.0,0.4,0.85,0.01602063323563359,0.4212439804541764,6
4.0,0.4,0,0.6,0.2,0.2,0.85,0.01891220774777114,0.4452111930996377,7
4.0,0.4,0,0.6,0.4,0.0,0.85,0.01921843032437903,0.3665505394409581,8
4.0,0.4,0,0.8,0.0,0.2,0.85,0.01602063323563359,0.4212439804541764,6
4.0,0.4,0,0.8,0.2,0.0,0.85,0.01921843032437903,0.3665505394409581,8
4.0,0.4,0,1.0,0.0,0.0,0.9,0.014059838373599642,0.2950157480599721,6
4.0,0.4,1,0.0,0.0,1.0,0.7916599492985538,0.018412345269145904,0.357590566064295,7
4.0,0.4,1,0.0,0.2,0.8,0.7916599492985538,0.018412345269145904,0.357590566064295,7
4.0,0.4,1,0.0,0.4,0.6,0.85,0.02036159705300286,0.38030531994992123,7
4.0,0.4,1,0.0,0.6,0.4,0.85,0.019954156195774817,0.3796659497413424,7
4.0,0.4,1,0.0,0.8,0.2,0.85,0.019954156195774817,0.3796659497413424,7
4.0,0.4,1,0.0,1.0,0.0,0.8,0.022614828749693675,0.3249376344403228,6
4.0,0.4,1,0.2,0.0,0.8,0.7916599492985538,0.018412345269145904,0.357590566064295,7
4.0,0.4,1,0.2,0.2,0.6,0.9,0.016567407740691435,0.32337482610842727,6
4.0,0.4,1,0.2,0.4,0.4,0.9,0.016567407740691435,0.32337482610842727,6
4.0,0.4,1,0.2,0.6,0.2,0.9,0.016567407740691435,0.32337482610842727,6
4.0,0.4,1,0.2,0.8,0.0,0.9,0.015545325764931313,0.3056711026243912,5
4.0,0.4,1,0.4,0.0,0.6,0.9,0.015545325764931313,0.3056711026243912,5
4.0,0.4,1,0.4,0.2,0.4,0.9,0.016567407740691435,0.32337482610842727,6
4.0,0.4,1,0.4,0.4,0.2,0.9,0.016567407740691435,0.32337482610842727,6
4.0,0.4,1,0.4,0.6,0.0,0.9,0.015545325764931313,0.3056711026243912,5
4.0,0.4,1,0.6,0.0,0.4,0.9,0.015545325764931313,0.3056711026243912,5
4.0,0.4,1,0.6,0.2,0.2,0.9,0.016567407740691435,0.32337482610842727,6
4.0,0.4,1,0.6,0.4,0.0,0.9,0.015545325764931313,0.3056711026243912,5
4.0,0.4,1,0.8,0.0,0.2,0.9,0.015545325764931313,0.3056711026243912,5
4.0,0.4,1,0.8,0.2,0.0,0.9,0.015545325764931313,0.3056711026243912,5
4.0,0.4,1,1.0,0.0,0.0,0.9,0.012371450316968582,0.24703000124019153,5
4.0,0.4,2,0.0,0.0,1.0,0.7675756871859022,0.019826305128132028,0.4524586307830265,7
4.0,0.4,2,0.0,0.2,0.8,0.7675756871859022,0.020693337735841043,0.4580924160293878,7
4.0,0.4,2,0.0,0.4,0.6,0.7675756871859022,0.020693337735841043,0.4580924160293878,7
4.0,0.4,2,0.0,0.6,0.4,0.7675756871859022,0.020693337735841043,0.4580924160293878,7
4.0,0.4,2,0.0,0.8,0.2,0.7675756871859022,0.020693337735841043,0.4580924160293878,7
4.0,0.4,2,0.0,1.0,0.0,0.5016905281875342,0.028990642234117747,0.3876774101911767,8
4.0,0.4,2,0.2,0.0,0.8,0.747080523575355,0.01988505460886439,0.46084698769342086,7
4.0,0.4,2,0.2,0.2,0.6,0.842532913360551,0.032318830670142164,0.4777933392174461,7
4.0,0.4,2,0.2,0.4,0.4,0.842532913360551,0.032318830670142164,0.4777933392174461,7
4.0,0.4,2,0.2,0.6,0.2,0.842532913360551,0.032318830670142164,0.4777933392174461,7
4.0,0.4,2,0.2,0.8,0.0,0.85,0.022364094131747673,0.46392388461470674,6
4.0,0.4,2,0.4,0.0,0.6,0.747080523575355,0.01988505460886439,0.46084698769342086,7
4.0,0.4,2,0.4,0.2,0.4,0.85,0.015755004839077158,0.34388347493464405,7
4.0,0.4,2,0.4,0.4,0.2,0.85,0.022364094131747673,0.46392388461470674,6
4.0,0.4,2,0.4,0.6,0.0,0.85,0.017269597205072474,0.4340173496104806,6
4.0,0.4,2,0.6,0.0,0.4,0.8054356469379903,0.02045848764828989,0.39887435720115205,6
4.0,0.4,2,0.6,0.2,0.2,0.85,0.022364094131747673,0.46392388461470674,6
4.0,0.4,2,0.6,0.4,0.0,0.85,0.017269597205072474,0.4340173496104806,6
4.0,0.4,2,0.8,0.0,0.2,0.8175756871859021,0.020799920579983443,0.46547308034084245,6
4.0,0.4,2,0.8,0.2,0.0,0.85,0.017269597205072474,0.4340173496104806,6
4.0,0.4,2,1.0,0.0,0.0,0.95,0.013013270605212197,0.30469569701849303,7
4.0,0.4,3,0.0,0.0,1.0,0.48834610196612255,0.008322159070657642,0.5923065726855921,8
4.0,0.4,3,0.0,0.2,0.8,0.7590615312604655,0.008263729015039129,0.21486542428742847,8
4.0,0.4,3,0.0,0.4,0.6,0.7590615312604655,0.008263729015039129,0.21486542428742847,8
4.0,0.4,3,0.0,0.6,0.4,0.7590615312604655,0.008263729015039129,0.21486542428742847,8
4.0,0.4,3,0.0,0.8,0.2,0.7590615312604655,0.008263729015039129,0.21486542428742847,8
4.0,0.4,3,0.0,1.0,0.0,0.2971358371988668,0.039598089547987915,0.42716285718705543,9
4.0,0.4,3,0.2,0.0,0.8,0.5801800399778982,0.01037439937284052,0.45175117875438825,6
4.0,0.4,3,0.2,0.2,0.6,0.6870421588502232,0.0088512222013909,0.6007566134613201,7
4.0,0.4,3,0.2,0.4,0.4,0.6672287835902085,0.040051167563430246,0.4605557311896453,10
4.0,0.4,3,0.2,0.6,0.2,0.5962161678863556,0.01367280356751539,0.28444166673462873,7
4.0,0.4,3,0.2,0.8,0.0,0.704552423155787,0.0025221830957266765,0.06941496987097906,10
4.0,0.4,3,0.4,0.0,0.6,0.5801800399778982,0.01037439937284052,0.45175117875438825,6
4.0,0.4,3,0.4,0.2,0.4,0.5962161678863556,0.01367280356751539,0.28444166673462873,7
4.0,0.4,3,0.4,0.4,0.2,0.7205816655526226,0.009202661734520938,0.2924042840750557,8
4.0,0.4,3,0.4,0.6,0.0,0.704552423155787,0.0025221830957266765,0.06941496987097906,10
4.0,0.4,3,0.6,0.0,0.4,0.6936395710813865,0.013420964912321148,0.21425515795034694,7
4.0,0.4,3,0.6,0.2,0.2,0.7205816655526226,0.008967636052937081,0.29256949731211035,8
4.0,0.4,3,0.6,0.4,0.0,0.704552423155787,0.0025221830957266765,0.06941496987097906,10
4.0,0.4,3,0.8,0.0,0.2,0.6917953527449058,0.009301698429407685,0.6247367828716103,7
4.0,0.4,3,0.8,0.2,0.0,0.704552423155787,0.0025221830957266765,0.06941496987097906,10
4.0,0.4,3,1.0,0.0,0.0,0.7231754520873006,0.0023644036941011387,0.05868629260130052,5
4.0,0.4,4,0.0,0.0,1.0,0.6620950577549348,0.02910968318899724,0.43485441423539506,8
4.0,0.4,4,0.0,0.2,0.8,0.65,0.03174795189330719,0.4958377801506498,6
4.0,0.4,4,0.0,0.4,0.6,0.65,0.03174795189330719,0.4958377801506498,6
4.0,0.4,4,0.0,0.6,0.4,0.65,0.03174795189330719,0.4958377801506498,6
4.0,0.4,4,0.0,0.8,0.2,0.65,0.03174795189330719,0.4958377801506498,6
4.0,0.4,4,0.0,1.0,0.0,0.5975118761180498,0.03186040366128848,0.4802102963426369,7
4.0,0.4,4,0.2,0.0,0.8,0.6915595909549541,0.021826546867591275,0.5098378413340622,9
4.0,0.4,4,0.2,0.2,0.6,0.9464334944986018,0.029823428069456655,0.5080872568110116,6
4.0,0.4,4,0.2,0.4,0.4,0.9,0.03496881313598047,0.5463286509282291,8
4.0,0.4,4,0.2,0.6,0.2,0.8,0.028843154304859443,0.5131325808764416,5
4.0,0.4,4,0.2,0.8,0.0,0.9500000000000001,0.019042337688181796,0.3188356419068075,6
4.0,0.4,4,0.4,0.0,0.6,0.8,0.038119768908742954,0.5162524350750417,8
4.0,0.4,4,0.4,0.2,0.4,0.8,0.028884362250037706,0.5132319246165687,5
4.0,0.4,4,0.4,0.4,0.2,0.9500000000000001,0.019042337688181796,0.3188356419068075,6
4.0,0.4,4,0.4,0.6,0.0,0.85,0.019366416089979483,0.32592994957283455,8
4.0,0.4,4,0.6,0.0,0.4,0.8,0.038119768908742954,0.5162524350750417,8
4.0,0.4,4,0.6,0.2,0.2,0.9500000000000001,0.019042337688181796,0.3188356419068075,6
4.0,0.4,4,0.6,0.4,0.0,0.95,0.03363111419321809,0.5261022693920742,8
4.0,0.4,4,0.8,0.0,0.2,0.85,0.019979770067924115,0.31980578760772066,7
4.0,0.4,4,0.8,0.2,0.0,0.95,0.03363111419321809,0.5261022693920742,8
4.0,0.4,4,1.0,0.0,0.0,0.85,0.013055707214221106,0.2171157100234147,7
4.0,0.4,5,0.0,0.0,1.0,0.7,0.017036061423894508,0.4915310241667282,6
4.0,0.4,5,0.0,0.2,0.8,0.55,0.018283193181292158,0.5265768391182873,8
4.0,0.4,5,0.0,0.4,0.6,0.55,0.018283193181292158,0.5265768391182873,8
4.0,0.4,5,0.0,0.6,0.4,0.8829571710898644,0.02380653212319645,0.5801513286837556,6
4.0,0.4,5,0.0,0.8,0.2,0.8829571710898644,0.02380653212319645,0.5801513286837556,6
4.0,0.4,5,0.0,1.0,0.0,0.5,0.034031331459355864,0.4669523283821029,8
4.0,0.4,5,0.2,0.0,0.8,0.95,0.030582361024345677,0.6277093541257611,8
4.0,0.4,5,0.2,0.2,0.6,0.95,0.017829890044934443,0.5168030350474881,6
4.0,0.4,5,0.2,0.4,0.4,0.95,0.017829890044934443,0.5168030350474881,6
4.0,0.4,5,0.2,0.6,0.2,0.95,0.025877004651391516,0.5038701038410988,6
4.0,0.4,5,0.2,0.8,0.0,0.9805467892147617,0.029827284695554675,0.5415523754573021,5
4.0,0.4,5,0.4,0.0,0.6,0.9805467892147617,0.02950660674816318,0.5549958676303627,6
4.0,0.4,5,0.4,0.2,0.4,0.9981378458093396,0.025507089486077855,0.5430455178117689,5
4.0,0.4,5,0.4,0.4,0.2,0.9805467892147617,0.029827284695554675,0.5415523754573021,5
4.0,0.4,5,0.4,0.6,0.0,1.0,0.018792935740250122,0.3656872203791651,8
4.0,0.4,5,0.6,0.0,0.4,0.9805467892147617,0.02950660674816318,0.5549958676303627,6
4.0,0.4,5,0.6,0.2,0.2,0.9805467892147617,0.02950660674816318,0.5549958676303627,6
4.0,0.4,5,0.6,0.4,0.0,1.0,0.018792935740250122,0.3656872203791651,8
4.0,0.4,5,0.8,0.0,0.2,1.0,0.025305653534366805,0.49914413804537805,6
4.0,0.4,5,0.8,0.2,0.0,1.0,0.018792935740250122,0.3656872203791651,8
4.0,0.4,5,1.0,0.0,0.0,1.0,0.016787935812647318,0.3421816723495749,5
4.0,0.4,6,0.0,0.0,1.0,0.7542405492283207,0.025270383314533747,0.47299647155963914,7
4.0,0.4,6,0.0,0.2,0.8,0.6797963550430384,0.02337977198349027,0.4341413499435983,7
4.0,0.4,6,0.0,0.4,0.6,0.6797963550430384,0.02337977198349027,0.4341413499435983,7
4.0,0.4,6,0.0,0.6,0.4,0.6797963550430384,0.02337977198349027,0.4341413499435983,7
4.0,0.4,6,0.0,0.8,0.2,0.6569865200156554,0.025894164657182157,0.48723222312154807,8
4.0,0.4,6,0.0,1.0,0.0,0.6838841419701913,0.02728845029277857,0.4999760152592767,8
4.0,0.4,6,0.2,0.0,0.8,0.7766971733150257,0.025086312087562252,0.4541547472495534,6
4.0,0.4,6,0.2,0.2,0.6,0.7703703086185462,0.025245584955527277,0.4929618686194866,9
4.0,0.4,6,0.2,0.4,0.4,0.7703703086185462,0.025245584955527277,0.4929618686194866,9
4.0,0.4,6,0.2,0.6,0.2,0.8231023780454642,0.02400250442605941,0.46458038401314106,7
4.0,0.4,6,0.2,0.8,0.0,0.8,0.026731525671382497,0.4457783607936705,7
4.0,0.4,6,0.4,0.0,0.6,0.7532279068895494,0.023814089350254846,0.4537812949964319,7
4.0,0.4,6,0.4,0.2,0.4,0.8231023780454642,0.02400250442605941,0.46458038401314106,7
4.0,0.4,6,0.4,0.4,0.2,0.7849572956745294,0.02360346062899639,0.4454912240257963,7
4.0,0.4,6,0.4,0.6,0.0,0.8,0.026731525671382497,0.4457783607936705,7
4.0,0.4,6,0.6,0.0,0.4,0.85,0.0250491759306932,0.44554377808402273,7
4.0,0.4,6,0.6,0.2,0.2,0.7849572956745294,0.02360346062899639,0.4454912240257963,7
4.0,0.4,6,0.6,0.4,0.0,0.8,0.026731525671382497,0.4457783607936705,7
4.0,0.4,6,0.8,0.0,0.2,0.85,0.0250491759306932,0.44554377808402273,7
4.0,0.4,6,0.8,0.2,0.0,0.8,0.026731525671382497,0.4457783607936705,7
4.0,0.4,6,1.0,0.0,0.0,0.75,0.013387948216840976,0.2462536965286846,7
4.0,0.4,7,0.0,0.0,1.0,0.644462989117511,0.020930254044537487,0.46167860125186705,5
4.0,0.4,7,0.0,0.2,0.8,0.8,0.015894702389666133,0.4709166242752494,8
4.0,0.4,7,0.0,0.4,0.6,0.8,0.015894702389666133,0.4709166242752494,8
4.0,0.4,7,0.0,0.6,0.4,0.8,0.015894702389666133,0.4709166242752494,8
4.0,0.4,7,0.0,0.8,0.2,0.6,0.021814629909501504,0.4742689968747194,7
4.0,0.4,7,0.0,1.0,0.0,0.8,0.023074658581810008,0.4644997503768838,5
4.0,0.4,7,0.2,0.0,0.8,0.7,0.02271224535553457,0.49813251255044433,6
4.0,0.4,7,0.2,0.2,0.6,0.75,0.024375052496218862,0.4918692369137731,6
4.0,0.4,7,0.2,0.4,0.4,0.75,0.024375052496218862,0.4918692369137731,6
4.0,0.4,7,0.2,0.6,0.2,0.75,0.024375052496218862,0.4918692369137731,6
4.0,0.4,7,0.2,0.8,0.0,0.8,0.023074658581810008,0.4644997503768838,5
4.0,0.4,7,0.4,0.0,0.6,0.7,0.02271224535553457,0.49813251255044433,6
4.0,0.4,7,0.4,0.2,0.4,0.75,0.018713760007281185,0.427485100678897,5
4.0,0.4,7,0.4,0.4,0.2,0.75,0.018713760007281185,0.427485100678897,5
4.0,0.4,7,0.4,0.6,0.0,0.8,0.023074658581810008,0.4644997503768838,5
4.0,0.4,7,0.6,0.0,0.4,0.7,0.02271224535553457,0.49813251255044433,6
4.0,0.4,7,0.6,0.2,0.2,0.75,0.018713760007281185,0.427485100678897,5
4.0,0.4,7,0.6,0.4,0.0,0.8,0.023074658581810008,0.4644997503768838,5
4.0,0.4,7,0.8,0.0,0.2,0.7,0.02271224535553457,0.49813251255044433,6
4.0,0.4,7,0.8,0.2,0.0,0.8,0.023074658581810008,0.4644997503768838,5
4.0,0.4,7,1.0,0.0,0.0,0.8,0.015044492411256891,0.369063392155258,5
4.0,0.8,0,0.0,0.0,1.0,0.8,0.011670169473832167,0.2787042048839315,7
4.0,0.8,0,0.0,0.2,0.8,0.65,0.013185442784170632,0.27059770208883127,7
4.0,0.8,0,0.0,0.4,0.6,0.65,0.013185442784170632,0.27059770208883127,7
4.0,0.8,0,0.0,0.6,0.4,0.65,0.013185442784170632,0.27059770208883127,7
4.0,0.8,0,0.0,0.8,0.2,0.65,0.013185442784170632,0.27059770208883127,7
4.0,0.8,0,0.0,1.0,0.0,0.45,0.01676747647410247,0.22933495703238363,7
4.0,0.8,0,0.2,0.0,0.8,0.8,0.010366387188213064,0.26212968762502525,7
4.0,0.8,0,0.2,0.2,0.6,0.7,0.011100710605413625,0.25478133783715506,6
4.0,0.8,0,0.2,0.4,0.4,0.7,0.011100710605413625,0.25478133783715506,6
4.0,0.8,0,0.2,0.6,0.2,0.75,0.011071716179550897,0.22563754146470935,9
4.0,0.8,0,0.2,0.8,0.0,0.75,0.011231281635667835,0.22329601844992278,8
4.0,0.8,0,0.4,0.0,0.6,0.8,0.010366387188213064,0.26212968762502525,7
4.0,0.8,0,0.4,0.2,0.4,0.75,0.011071716179550897,0.22563754146470935,9
4.0,0.8,0,0.4,0.4,0.2,0.75,0.011071716179550897,0.22563754146470935,9
4.0,0.8,0,0.4,0.6,0.0,0.75,0.011231281635667835,0.22329601844992278,8
4.0,0.8,0,0.6,0.0,0.4,0.75,0.007047434049397445,0.23054856189537531,8
4.0,0.8,0,0.6,0.2,0.2,0.75,0.011071716179550897,0.22563754146470935,9
4.0,0.8,0,0.6,0.4,0.0,0.75,0.011231281635667835,0.22329601844992278,8
4.0,0.8,0,0.8,0.0,0.2,0.8389169590015598,0.01003436324967293,0.1906755550911009,7
4.0,0.8,0,0.8,0.2,0.0,0.75,0.011231281635667835,0.22329601844992278,8
4.0,0.8,0,1.0,0.0,0.0,0.8,0.005318751092340447,0.13136985981165492,6
4.0,0.8,1,0.0,0.0,1.0,0.7012802097985421,0.007524656129663658,0.15912659822105588,6
4.0,0.8,1,0.0,0.2,0.8,0.5,0.011033923290645778,0.17564872432540077,8
4.0,0.8,1,0.0,0.4,0.6,0.5,0.011033923290645778,0.17564872432540077,8
4.0,0.8,1,0.0,0.6,0.4,0.5,0.011033923290645778,0.17564872432540077,8
4.0,0.8,1,0.0,0.8,0.2,0.5954065352662483,0.009169532074540283,0.15554860878390295,7
4.0,0.8,1,0.0,1.0,0.0,0.55,0.009893430931611677,0.18450396039251868,7
4.0,0.8,1,0.2,0.0,0.8,0.7572692280429932,0.006915179531324925,0.15322412612538633,9
4.0,0.8,1,0.2,0.2,0.6,0.7572692280429932,0.006915179531324925,0.15322412612538633,9
4.0,0.8,1,0.2,0.4,0.4,0.7718015856406578,0.007917618761688137,0.15892116801591202,8
4.0,0.8,1,0.2,0.6,0.2,0.8495942932780579,0.007904272675595472,0.1459112923232027,5
4.0,0.8,1,0.2,0.8,0.0,0.85,0.007479537262661297,0.14061142927136036,5
4.0,0.8,1,0.4,0.0,0.6,0.85,0.0071874773363282685,0.14467684649162196,5
4.0,0.8,1,0.4,0.2,0.4,0.8495942932780579,0.007904272675595472,0.1459112923232027,5
4.0,0.8,1,0.4,0.4,0.2,0.8495942932780579,0.007904272675595472,0.1459112923232027,5
4.0,0.8,1,0.4,0.6,0.0,0.85,0.007479537262661297,0.14061142927136036,5
4.0,0.8,1,0.6,0.0,0.4,0.85,0.0056010909433611275,0.11243805981160757,5
4.0,0.8,1,0.6,0.2,0.2,0.85,0.00731362350669797,0.1401011513473914,5
4.0,0.8,1,0.6,0.4,0.0,0.85,0.007479537262661297,0.14061142927136036,5
4.0,0.8,1,0.8,0.0,0.2,0.85,0.0056010909433611275,0.11243805981160757,5
4.0,0.8,1,0.8,0.2,0.0,0.85,0.007479537262661297,0.14061142927136036,5
4.0,0.8,1,1.0,0.0,0.0,0.85,0.00451522859684846,0.08945902946802912,5
4.0,0.8,2,0.0,0.0,1.0,0.6,0.0072220265067822675,0.20662762493534179,7
4.0,0.8,2,0.0,0.2,0.8,0.55,0.010813814703723442,0.23242273637538483,9
4.0,0.8,2,0.0,0.4,0.6,0.55,0.010813814703723442,0.23242273637538483,9
4.0,0.8,2,0.0,0.6,0.4,0.55,0.010813814703723442,0.23242273637538483,9
4.0,0.8,2,0.0,0.8,0.2,0.6,0.014038734344175744,0.21343839531255893,7
4.0,0.8,2,0.0,1.0,0.0,0.6166571577010025,0.012236496615963662,0.19846768420760982,6
4.0,0.8,2,0.2,0.0,0.8,0.7383033857895457,0.009880280915710212,0.1804771255593482,7
4.0,0.8,2,0.2,0.2,0.6,0.6,0.013428886138029476,0.2137822207437761,7
4.0,0.8,2,0.2,0.4,0.4,0.6,0.013428886138029476,0.2137822207437761,7
4.0,0.8,2,0.2,0.6,0.2,0.6883033857895458,0.009349579216093357,0.17481959915407616,7
4.0,0.8,2,0.2,0.8,0.0,0.6671990045704653,0.007669322363486368,0.1716178438533861,5
4.0,0.8,2,0.4,0.0,0.6,0.7383033857895457,0.009880280915710212,0.1804771255593482,7
4.0,0.8,2,0.4,0.2,0.4,0.6883033857895458,0.009349579216093357,0.17481959915407616,7
4.0,0.8,2,0.4,0.4,0.2,0.6883033857895458,0.009349579216093357,0.17481959915407616,7
4.0,0.8,2,0.4,0.6,0.0,0.7,0.006091330835682808,0.16441008083621989,5
4.0,0.8,2,0.6,0.0,0.4,0.7383033857895457,0.009880280915710212,0.1804771255593482,7
4.0,0.8,2,0.6,0.2,0.2,0.6883033857895458,0.009349579216093357,0.17481959915407616,7
4.0,0.8,2,0.6,0.4,0.0,0.7,0.006091330835682808,0.16441008083621989,5
4.0,0.8,2,0.8,0.0,0.2,0.7383033857895457,0.009880280915710212,0.1804771255593482,7
4.0,0.8,2,0.8,0.2,0.0,0.7,0.006091330835682808,0.16441008083621989,5
4.0,0.8,2,1.0,0.0,0.0,0.75,0.004215637009527966,0.0891559254430577,6
4.0,0.8,3,0.0,0.0,1.0,0.5644062526955154,0.00949862539299434,0.6101468170304087,7
4.0,0.8,3,0.0,0.2,0.8,0.16799798062712282,0.009122842542402415,0.2770051701295452,7
4.0,0.8,3,0.0,0.4,0.6,0.16799798062712282,0.009122842542402415,0.2770051701295452,7
4.0,0.8,3,0.0,0.6,0.4,0.16799798062712282,0.009122842542402415,0.2770051701295452,7
4.0,0.8,3,0.0,0.8,0.2,0.16799798062712282,0.009122842542402415,0.2770051701295452,7
4.0,0.8,3,0.0,1.0,0.0,0.22330302424921697,0.007418663421448161,0.13625979201100472,8
4.0,0.8,3,0.2,0.0,0.8,0.15062773458856643,0.007158612235769694,0.5633920070270483,7
4.0,0.8,3,0.2,0.2,0.6,0.5869912553113021,0.009622185598610661,0.6050711931522397,6
4.0,0.8,3,0.2,0.4,0.4,0.5869912553113021,0.009622185598610661,0.6050711931522397,6
4.0,0.8,3,0.2,0.6,0.2,0.5869912553113021,0.009622185598610661,0.6050711931522397,6
4.0,0.8,3,0.2,0.8,0.0,0.6729361950285512,0.005656787418171697,0.1333550079698893,6
4.0,0.8,3,0.4,0.0,0.6,0.15062773458856643,0.007158612235769694,0.5633920070270483,7
4.0,0.8,3,0.4,0.2,0.4,0.5869912553113021,0.009622185598610661,0.6050711931522397,6
4.0,0.8,3,0.4,0.4,0.2,0.5869912553113021,0.009622185598610661,0.6050711931522397,6
4.0,0.8,3,0.4,0.6,0.0,0.6538496569142552,0.004810888799973635,0.11368014971698252,7
4.0,0.8,3,0.6,0.0,0.4,0.6590615312604655,0.003932515121470311,0.15875235371769605,7
4.0,0.8,3,0.6,0.2,0.2,0.5869912553113021,0.009622185598610661,0.6050711931522397,6
4.0,0.8,3,0.6,0.4,0.0,0.6538496569142552,0.004810888799973635,0.11368014971698252,7
4.0,0.8,3,0.8,0.0,0.2,0.6590615312604655,0.003932515121470311,0.15875235371769605,7
4.0,0.8,3,0.8,0.2,0.0,0.6538496569142552,0.004810888799973635,0.11368014971698252,7
4.0,0.8,3,1.0,0.0,0.0,0.6229361950285511,0.002427010222066795,0.06046738332118959,5
4.0,0.8,4,0.0,0.0,1.0,0.45444429178697643,0.023255091663614804,0.3866157998788941,7
4.0,0.8,4,0.0,0.2,0.8,0.5,0.022286892925277267,0.39391074963217076,5
4.0,0.8,4,0.0,0.4,0.6,0.5,0.022286892925277267,0.39391074963217076,5
4.0,0.8,4,0.0,0.6,0.4,0.5,0.022286892925277267,0.39391074963217076,5
4.0,0.8,4,0.0,0.8,0.2,0.5,0.022286892925277267,0.39391074963217076,5
4.0,0.8,4,0.0,1.0,0.0,0.4183252193508006,0.028147914001690984,0.37796016102049484,8
4.0,0.8,4,0.2,0.0,0.8,0.5881799201738516,0.020795812957613628,0.4010637335098116,7
4.0,0.8,4,0.2,0.2,0.6,0.6213572121912714,0.02625768392278599,0.37449899382365426,5
4.0,0.8,4,0.2,0.4,0.4,0.75,0.02736248803164239,0.3838809647519212,7
4.0,0.8,4,0.2,0.6,0.2,0.5464334944986018,0.022378524090349444,0.3854872265284666,8
4.0,0.8,4,0.2,0.8,0.0,0.75,0.024360675628978028,0.3781780198893891,7
4.0,0.8,4,0.4,0.0,0.6,0.6728260392032064,0.01938700991456887,0.36066625596918755,7
4.0,0.8,4,0.4,0.2,0.4,0.75,0.024267355980656723,0.379445996238263,8
4.0,0.8,4,0.4,0.4,0.2,0.75,0.024267355980656723,0.379445996238263,8
4.0,0.8,4,0.4,0.6,0.0,0.75,0.024360675628978028,0.3781780198893891,7
4.0,0.8,4,0.6,0.0,0.4,0.6728260392032064,0.01938700991456887,0.36066625596918755,7
4.0,0.8,4,0.6,0.2,0.2,0.75,0.024267355980656723,0.379445996238263,8
4.0,0.8,4,0.6,0.4,0.0,0.75,0.024360675628978028,0.3781780198893891,7
4.0,0.8,4,0.8,0.0,0.2,0.75,0.00586155702446336,0.10210480701390404,7
4.0,0.8,4,0.8,0.2,0.0,0.75,0.024360675628978028,0.3781780198893891,7
4.0,0.8,4,1.0,0.0,0.0,0.6588997529521067,0.014615365319523631,0.23578137681754302,7
4.0,0.8,5,0.0,0.0,1.0,0.9,0.02159279642761741,0.43728620621932934,5
4.0,0.8,5,0.0,0.2,0.8,0.9,0.017755823583197064,0.49282535889471457,9
4.0,0.8,5,0.0,0.4,0.6,0.9,0.017755823583197064,0.49282535889471457,9
4.0,0.8,5,0.0,0.6,0.4,0.9,0.017755823583197064,0.49282535889471457,9
4.0,0.8,5,0.0,0.8,0.2,0.65,0.024903052204150754,0.48640957902329357,8
4.0,0.8,5,0.0,1.0,0.0,0.8,0.023101164574296527,0.449864213475576,6
4.0,0.8,5,0.2,0.0,0.8,0.9,0.021277216120523086,0.4355150143185033,5
4.0,0.8,5,0.2,0.2,0.6,0.9,0.020803915878666816,0.4335595873400386,7
4.0,0.8,5,0.2,0.4,0.4,0.9,0.020803915878666816,0.4335595873400386,7
4.0,0.8,5,0.2,0.6,0.2,0.9,0.015768652090505084,0.4211629618316219,8
4.0,0.8,5,0.2,0.8,0.0,0.9,0.02134848603375121,0.40891835711115654,7
4.0,0.8,5,0.4,0.0,0.6,0.9,0.02159279642761741,0.43728620621932934,5
4.0,0.8,5,0.4,0.2,0.4,0.9,0.02066641689533004,0.43902388976620954,7
4.0,0.8,5,0.4,0.4,0.2,0.9,0.019795301723801426,0.40294431715747253,5
4.0,0.8,5,0.4,0.6,0.0,0.9,0.02134848603375121,0.40891835711115654,7
4.0,0.8,5,0.6,0.0,0.4,1.0,0.01661603131908546,0.32177163851540336,6
4.0,0.8,5,0.6,0.2,0.2,0.9,0.02066641689533004,0.43902388976620954,7
4.0,0.8,5,0.6,0.4,0.0,0.9,0.02134848603375121,0.40891835711115654,7
4.0,0.8,5,0.8,0.0,0.2,1.0,0.01661603131908546,0.32177163851540336,6
4.0,0.8,5,0.8,0.2,0.0,0.9,0.02134848603375121,0.40891835711115654,7
4.0,0.8,5,1.0,0.0,0.0,0.8768854954211724,0.0068477782668279075,0.2173518415945803,5
4.0,0.8,6,0.0,0.0,1.0,0.49756794977545976,0.010797012971590038,0.20182187956296938,7
4.0,0.8,6,0.0,0.2,0.8,0.8070599819974648,0.014307708965346262,0.25115859533656953,8
4.0,0.8,6,0.0,0.4,0.6,0.8070599819974648,0.014307708965346262,0.25115859533656953,8
4.0,0.8,6,0.0,0.6,0.4,0.8070599819974648,0.014307708965346262,0.25115859533656953,8
4.0,0.8,6,0.0,0.8,0.2,0.7,0.014610160768219674,0.2588652412630242,10
4.0,0.8,6,0.0,1.0,0.0,0.5933791066515209,0.013454517199819457,0.22697963104571445,7
4.0,0.8,6,0.2,0.0,0.8,0.7376650231731618,0.01367251145225314,0.23538957853674694,8
4.0,0.8,6,0.2,0.2,0.6,0.7,0.01453559534767234,0.26966206115284913,9
4.0,0.8,6,0.2,0.4,0.4,0.8,0.013730056981438544,0.23922045052309499,9
4.0,0.8,6,0.2,0.6,0.2,0.85,0.013612956786158951,0.24103042068305344,8
4.0,0.8,6,0.2,0.8,0.0,0.7238722090959692,0.012588619104497824,0.24175870343634973,8
4.0,0.8,6,0.4,0.0,0.6,0.7021367921313091,0.011835477878483498,0.2093615087304457,9
4.0,0.8,6,0.4,0.2,0.4,0.690579256520508,0.011551745166981403,0.20473522984468004,9
4.0,0.8,6,0.4,0.4,0.2,0.85,0.013612956786158951,0.24103042068305344,8
4.0,0.8,6,0.4,0.6,0.0,0.7351253345938531,0.012138053224633141,0.21396494302470592,8
4.0,0.8,6,0.6,0.0,0.4,0.7021367921313091,0.011835477878483498,0.2093615087304457,9
4.0,0.8,6,0.6,0.2,0.2,0.8,0.013730056981438544,0.23922045052309499,9
4.0,0.8,6,0.6,0.4,0.0,0.7351253345938531,0.012138053224633141,0.21396494302470592,8
4.0,0.8,6,0.8,0.0,0.2,0.7021367921313091,0.011835477878483498,0.2093615087304457,9
4.0,0.8,6,0.8,0.2,0.0,0.7351253345938531,0.012138053224633141,0.21396494302470592,8
4.0,0.8,6,1.0,0.0,0.0,0.8349572956745294,0.01119380687220613,0.18985840992837422,6
4.0,0.8,7,0.0,0.0,1.0,0.44331234663495156,0.013021168341773888,0.24089107605717663,8
4.0,0.8,7,0.0,0.2,0.8,0.65,0.013009448400244681,0.23701679795011507,7
4.0,0.8,7,0.0,0.4,0.6,0.65,0.013009448400244681,0.23701679795011507,7
4.0,0.8,7,0.0,0.6,0.4,0.65,0.013009448400244681,0.23701679795011507,7
4.0,0.8,7,0.0,0.8,0.2,0.65,0.013276764664011604,0.2328426538080295,7
4.0,0.8,7,0.0,1.0,0.0,0.35,0.012280599923537253,0.196617163265781,6
4.0,0.8,7,0.2,0.0,0.8,0.5784464119594643,0.010834827307815658,0.1844719386895103,6
4.0,0.8,7,0.2,0.2,0.6,0.65,0.013009448400244681,0.23701679795011507,7
4.0,0.8,7,0.2,0.4,0.4,0.65,0.011451347476999262,0.21180654580788733,5
4.0,0.8,7,0.2,0.6,0.2,0.7,0.00978119467042044,0.16742738114297853,6
4.0,0.8,7,0.2,0.8,0.0,0.7,0.00978119467042044,0.16742738114297853,6
4.0,0.8,7,0.4,0.0,0.6,0.6284464119594644,0.010079285063845941,0.17078093041892412,5
4.0,0.8,7,0.4,0.2,0.4,0.7,0.00978119467042044,0.16742738114297853,6
4.0,0.8,7,0.4,0.4,0.2,0.7,0.00978119467042044,0.16742738114297853,6
4.0,0.8,7,0.4,0.6,0.0,0.7,0.00978119467042044,0.16742738114297853,6
4.0,0.8,7,0.6,0.0,0.4,0.6284464119594644,0.010079285063845941,0.17078093041892412,5
4.0,0.8,7,0.6,0.2,0.2,0.7,0.00978119467042044,0.16742738114297853,6
4.0,0.8,7,0.6,0.4,0.0,0.7,0.00978119467042044,0.16742738114297853,6
4.0,0.8,7,0.8,0.0,0.2,0.6284464119594644,0.010079285063845941,0.17078093041892412,5
4.0,0.8,7,0.8,0.2,0.0,0.7,0.00978119467042044,0.16742738114297853,6
4.0,0.8,7,1.0,0.0,0.0,0.65,0.00855677824224516,0.15125191102191454,5
